variable,raw_value,raw_hex,raw_len,normalized_value,var_type,n_rows,pct_rows,column_group,candidate_class,non_ascii_flag,match_rule,action,rationale,decided_by,decided_date
ABP_LESS_THAN_60_COUNT,99,3939,2,99,num,2,0.0049,SCORE,REVIEW,0,NUMERIC_SENTINEL,KEEP,Plausible real value for this measure; frequency not a spike,Gerard,2026-09-28
ABP_LESS_THAN_70_COUNT,99,3939,2,99,num,12,0.0292,SCORE,REVIEW,0,NUMERIC_SENTINEL,KEEP,Plausible real value for this measure; frequency not a spike,Gerard,2026-09-28
ABP_LESS_THAN_80_COUNT,99,3939,2,99,num,11,0.0267,SCORE,REVIEW,0,NUMERIC_SENTINEL,KEEP,Plausible real value for this measure; frequency not a spike,Gerard,2026-09-28
AVG_ABP_Mean,99,3939,2,99,num,1,0.0024,,REVIEW,0,NUMERIC_SENTINEL,KEEP,Plausible real value for this measure; frequency not a spike,Gerard,2026-09-28
AVG_NIBP_mean,99,3939,2,99,num,37,0.0899,,REVIEW,0,NUMERIC_SENTINEL,KEEP,Plausible real value for this measure; frequency not a spike,Gerard,2026-09-28
Admit_Source,?,3F,1,?,char,4,0.0097,,AUTO,0,EXACT,MISSING,? placeholder (also covered by wildcard),Gerard,2026-09-28
Admit_Source,FROM ANOTHER HOSPITAL,46524F4D20414E4F5448455220484F53504954414C,21,FROM ANOTHER HOSPITAL,char,18,0.0437,,REVIEW,0,CONTAINS,KEEP,Contains-rule false positive (OTHER/ANOTHER/N-A substring in a real value),Gerard,2026-09-28
Admit_Source,FROM ANOTHER TYPE OF HEALTHCARE FACILITY,46524F4D20414E4F544845522054595045204F46204845414C54484341524520464143494C495459,40,FROM ANOTHER TYPE OF HEALTHCARE FACILITY,char,3,0.0073,,REVIEW,0,CONTAINS,KEEP,Contains-rule false positive (OTHER/ANOTHER/N-A substring in a real value),Gerard,2026-09-28
Admit_Source,OTHER OR UNKNOWN,4F54484552204F5220554E4B4E4F574E,16,OTHER OR UNKNOWN,char,18,0.0437,,REVIEW,0,CONTAINS,KEEP,Source-system residual category; Other and Unknown cannot be separated,Gerard,2026-09-28
Age_at_Encounter,99,3939,2,99,num,1,0.0024,,REVIEW,0,NUMERIC_SENTINEL,KEEP,Plausible real value for this measure; frequency not a spike,Gerard,2026-09-28
Anesthesia_Type,MISSING OR INVALID DATA FORMATION,4D495353494E47204F5220494E56414C4944204441544120464F524D4154494F4E,33,MISSING OR INVALID DATA FORMATION,char,1905,4.6294,,REVIEW,0,CONTAINS,MISSING,Source system missing/invalid code,Gerard,2026-09-28
BIS_INDEX_LESS_30_COUNT,99,3939,2,99,num,7,0.0170,SCORE,REVIEW,0,NUMERIC_SENTINEL,KEEP,Plausible real value for this measure; frequency not a spike,Gerard,2026-09-28
BIS_INDEX_LESS_40_COUNT,99,3939,2,99,num,15,0.0365,SCORE,REVIEW,0,NUMERIC_SENTINEL,KEEP,Plausible real value for this measure; frequency not a spike,Gerard,2026-09-28
Base_Procedure_Code_1,OTHER,4F54484552,5,OTHER,char,3,0.0073,,AMBIGUOUS,0,AMBIGUOUS_BASE,KEEP,"Residual procedure category, not missing",Gerard,2026-09-28
COMP10_T80,0,30,1,0,num,40637,98.7533,SCORE,AMBIGUOUS,0,AMBIGUOUS_SCORE_ZERO,KEEP,0 is a valid score/count (no events / criterion not met),Gerard,2026-09-28
COMP10_T81,0,30,1,0,num,40200,97.6914,SCORE,AMBIGUOUS,0,AMBIGUOUS_SCORE_ZERO,KEEP,0 is a valid score/count (no events / criterion not met),Gerard,2026-09-28
COMP10_T82,0,30,1,0,num,39801,96.7217,SCORE,AMBIGUOUS,0,AMBIGUOUS_SCORE_ZERO,KEEP,0 is a valid score/count (no events / criterion not met),Gerard,2026-09-28
COMP10_T83,0,30,1,0,num,40508,98.4399,SCORE,AMBIGUOUS,0,AMBIGUOUS_SCORE_ZERO,KEEP,0 is a valid score/count (no events / criterion not met),Gerard,2026-09-28
COMP10_T84,0,30,1,0,num,39620,96.2819,SCORE,AMBIGUOUS,0,AMBIGUOUS_SCORE_ZERO,KEEP,0 is a valid score/count (no events / criterion not met),Gerard,2026-09-28
COMP10_T85,0,30,1,0,num,40288,97.9052,SCORE,AMBIGUOUS,0,AMBIGUOUS_SCORE_ZERO,KEEP,0 is a valid score/count (no events / criterion not met),Gerard,2026-09-28
COMP10_T86,0,30,1,0,num,40525,98.4812,SCORE,AMBIGUOUS,0,AMBIGUOUS_SCORE_ZERO,KEEP,0 is a valid score/count (no events / criterion not met),Gerard,2026-09-28
COMP10_T87,0,30,1,0,num,40631,98.7388,SCORE,AMBIGUOUS,0,AMBIGUOUS_SCORE_ZERO,KEEP,0 is a valid score/count (no events / criterion not met),Gerard,2026-09-28
COMP10_T88,0,30,1,0,num,40629,98.7339,SCORE,AMBIGUOUS,0,AMBIGUOUS_SCORE_ZERO,KEEP,0 is a valid score/count (no events / criterion not met),Gerard,2026-09-28
CPT1_Class,99,3939,2,99,num,251,0.6100,,REVIEW,0,NUMERIC_SENTINEL,KEEP,"KEEP: class code 99 read as a residual category, not missing",Gerard,2026-09-28
CPT1_Label,Arthroplasty other than hip or knee,41727468726F706C61737479206F74686572207468616E20686970206F72206B6E6565,35,ARTHROPLASTY OTHER THAN HIP OR KNEE,char,935,2.2722,,REVIEW,0,CONTAINS,KEEP,Contains-rule false positive (OTHER/ANOTHER/N-A substring in a real value),Gerard,2026-09-28
CPT1_Label,Ileostomy and other enterostomy,496C656F73746F6D7920616E64206F7468657220656E7465726F73746F6D79,31,ILEOSTOMY AND OTHER ENTEROSTOMY,char,135,0.3281,,REVIEW,0,CONTAINS,KEEP,Contains-rule false positive (OTHER/ANOTHER/N-A substring in a real value),Gerard,2026-09-28
CPT1_Label,Other OR gastrointestinal therapeutic procedures,4F74686572204F522067617374726F696E74657374696E616C2074686572617065757469632070726F63656475726573,48,OTHER OR GASTROINTESTINAL THERAPEUTIC PROCEDURES,char,251,0.6100,,REVIEW,0,CONTAINS,KEEP,Contains-rule false positive (OTHER/ANOTHER/N-A substring in a real value),Gerard,2026-09-28
CPT1_Label,Other OR heart procedures,4F74686572204F522068656172742070726F63656475726573,25,OTHER OR HEART PROCEDURES,char,55,0.1337,,REVIEW,0,CONTAINS,KEEP,Contains-rule false positive (OTHER/ANOTHER/N-A substring in a real value),Gerard,2026-09-28
CPT1_Label,Other OR lower GI therapeutic procedures,4F74686572204F52206C6F7765722047492074686572617065757469632070726F63656475726573,40,OTHER OR LOWER GI THERAPEUTIC PROCEDURES,char,158,0.3840,,REVIEW,0,CONTAINS,KEEP,Contains-rule false positive (OTHER/ANOTHER/N-A substring in a real value),Gerard,2026-09-28
CPT1_Label,Other OR procedures on vessels of head and neck,4F74686572204F522070726F63656475726573206F6E2076657373656C73206F66206865616420616E64206E65636B,47,OTHER OR PROCEDURES ON VESSELS OF HEAD AND NECK,char,238,0.5784,,REVIEW,0,CONTAINS,KEEP,Contains-rule false positive (OTHER/ANOTHER/N-A substring in a real value),Gerard,2026-09-28
CPT1_Label,Other OR procedures on vessels other than head and neck,4F74686572204F522070726F63656475726573206F6E2076657373656C73206F74686572207468616E206865616420616E64206E65636B,55,OTHER OR PROCEDURES ON VESSELS OTHER THAN HEAD AND NECK,char,239,0.5808,,REVIEW,0,CONTAINS,KEEP,Contains-rule false positive (OTHER/ANOTHER/N-A substring in a real value),Gerard,2026-09-28
CPT1_Label,Other OR therapeutic nervous system procedures,4F74686572204F52207468657261706575746963206E6572766F75732073797374656D2070726F63656475726573,46,OTHER OR THERAPEUTIC NERVOUS SYSTEM PROCEDURES,char,1187,2.8846,,REVIEW,0,CONTAINS,KEEP,Contains-rule false positive (OTHER/ANOTHER/N-A substring in a real value),Gerard,2026-09-28
CPT1_Label,Other OR therapeutic procedures of urinary tract,4F74686572204F522074686572617065757469632070726F63656475726573206F66207572696E617279207472616374,48,OTHER OR THERAPEUTIC PROCEDURES OF URINARY TRACT,char,459,1.1154,,REVIEW,0,CONTAINS,KEEP,Contains-rule false positive (OTHER/ANOTHER/N-A substring in a real value),Gerard,2026-09-28
CPT1_Label,Other OR therapeutic procedures on bone,4F74686572204F522074686572617065757469632070726F63656475726573206F6E20626F6E65,39,OTHER OR THERAPEUTIC PROCEDURES ON BONE,char,147,0.3572,,REVIEW,0,CONTAINS,KEEP,Contains-rule false positive (OTHER/ANOTHER/N-A substring in a real value),Gerard,2026-09-28
CPT1_Label,Other OR therapeutic procedures on joints,4F74686572204F522074686572617065757469632070726F63656475726573206F6E206A6F696E7473,41,OTHER OR THERAPEUTIC PROCEDURES ON JOINTS,char,175,0.4253,,REVIEW,0,CONTAINS,KEEP,Contains-rule false positive (OTHER/ANOTHER/N-A substring in a real value),Gerard,2026-09-28
CPT1_Label,Other OR therapeutic procedures on musculoskeletal system,4F74686572204F522074686572617065757469632070726F63656475726573206F6E206D757363756C6F736B656C6574616C2073797374656D,57,OTHER OR THERAPEUTIC PROCEDURES ON MUSCULOSKELETAL SYSTEM,char,120,0.2916,,REVIEW,0,CONTAINS,KEEP,Contains-rule false positive (OTHER/ANOTHER/N-A substring in a real value),Gerard,2026-09-28
CPT1_Label,"Other OR therapeutic procedures on nose, mouth and pharynx",4F74686572204F522074686572617065757469632070726F63656475726573206F6E206E6F73652C206D6F75746820616E642070686172796E78,58,"OTHER OR THERAPEUTIC PROCEDURES ON NOSE, MOUTH AND PHARYNX",char,661,1.6063,,REVIEW,0,CONTAINS,KEEP,Contains-rule false positive (OTHER/ANOTHER/N-A substring in a real value),Gerard,2026-09-28
CPT1_Label,Other OR therapeutic procedures on respiratory system,4F74686572204F522074686572617065757469632070726F63656475726573206F6E2072657370697261746F72792073797374656D,53,OTHER OR THERAPEUTIC PROCEDURES ON RESPIRATORY SYSTEM,char,303,0.7363,,REVIEW,0,CONTAINS,KEEP,Contains-rule false positive (OTHER/ANOTHER/N-A substring in a real value),Gerard,2026-09-28
CPT1_Label,Other OR therapeutic procedures on skin and breast,4F74686572204F522074686572617065757469632070726F63656475726573206F6E20736B696E20616E6420627265617374,50,OTHER OR THERAPEUTIC PROCEDURES ON SKIN AND BREAST,char,733,1.7813,,REVIEW,0,CONTAINS,KEEP,Contains-rule false positive (OTHER/ANOTHER/N-A substring in a real value),Gerard,2026-09-28
CPT1_Label,"Other OR therapeutic procedures, female organs",4F74686572204F522074686572617065757469632070726F636564757265732C2066656D616C65206F7267616E73,46,"OTHER OR THERAPEUTIC PROCEDURES, FEMALE ORGANS",char,350,0.8505,,REVIEW,0,CONTAINS,KEEP,Contains-rule false positive (OTHER/ANOTHER/N-A substring in a real value),Gerard,2026-09-28
CPT1_Label,"Other OR therapeutic procedures, male genital",4F74686572204F522074686572617065757469632070726F636564757265732C206D616C652067656E6974616C,45,"OTHER OR THERAPEUTIC PROCEDURES, MALE GENITAL",char,205,0.4982,,REVIEW,0,CONTAINS,KEEP,Contains-rule false positive (OTHER/ANOTHER/N-A substring in a real value),Gerard,2026-09-28
CPT1_Label,Other OR upper GI therapeutic procedures,4F74686572204F522075707065722047492074686572617065757469632070726F63656475726573,40,OTHER OR UPPER GI THERAPEUTIC PROCEDURES,char,78,0.1896,,REVIEW,0,CONTAINS,KEEP,Contains-rule false positive (OTHER/ANOTHER/N-A substring in a real value),Gerard,2026-09-28
CPT1_Label,Other diagnostic cardiovascular procedures,4F7468657220646961676E6F737469632063617264696F76617363756C61722070726F63656475726573,42,OTHER DIAGNOSTIC CARDIOVASCULAR PROCEDURES,char,2,0.0049,,REVIEW,0,CONTAINS,KEEP,Contains-rule false positive (OTHER/ANOTHER/N-A substring in a real value),Gerard,2026-09-28
CPT1_Label,Other diagnostic nervous system procedures,4F7468657220646961676E6F73746963206E6572766F75732073797374656D2070726F63656475726573,42,OTHER DIAGNOSTIC NERVOUS SYSTEM PROCEDURES,char,75,0.1823,,REVIEW,0,CONTAINS,KEEP,Contains-rule false positive (OTHER/ANOTHER/N-A substring in a real value),Gerard,2026-09-28
CPT1_Label,Other diagnostic procedures of respiratory tract and mediastinum,4F7468657220646961676E6F737469632070726F63656475726573206F662072657370697261746F727920747261637420616E64206D656469617374696E756D,64,OTHER DIAGNOSTIC PROCEDURES OF RESPIRATORY TRACT AND MEDIASTINUM,char,16,0.0389,,REVIEW,0,CONTAINS,KEEP,Contains-rule false positive (OTHER/ANOTHER/N-A substring in a real value),Gerard,2026-09-28
CPT1_Label,Other diagnostic procedures of urinary tract,4F7468657220646961676E6F737469632070726F63656475726573206F66207572696E617279207472616374,44,OTHER DIAGNOSTIC PROCEDURES OF URINARY TRACT,char,1,0.0024,,REVIEW,0,CONTAINS,KEEP,Contains-rule false positive (OTHER/ANOTHER/N-A substring in a real value),Gerard,2026-09-28
CPT1_Label,Other diagnostic procedures on lung and bronchus,4F7468657220646961676E6F737469632070726F63656475726573206F6E206C756E6720616E642062726F6E63687573,48,OTHER DIAGNOSTIC PROCEDURES ON LUNG AND BRONCHUS,char,40,0.0972,,REVIEW,0,CONTAINS,KEEP,Contains-rule false positive (OTHER/ANOTHER/N-A substring in a real value),Gerard,2026-09-28
CPT1_Label,Other diagnostic procedures on musculoskeletal system,4F7468657220646961676E6F737469632070726F63656475726573206F6E206D757363756C6F736B656C6574616C2073797374656D,53,OTHER DIAGNOSTIC PROCEDURES ON MUSCULOSKELETAL SYSTEM,char,131,0.3183,,REVIEW,0,CONTAINS,KEEP,Contains-rule false positive (OTHER/ANOTHER/N-A substring in a real value),Gerard,2026-09-28
CPT1_Label,Other diagnostic procedures on skin and subcutaneous tissue,4F7468657220646961676E6F737469632070726F63656475726573206F6E20736B696E20616E6420737562637574616E656F757320746973737565,59,OTHER DIAGNOSTIC PROCEDURES ON SKIN AND SUBCUTANEOUS TISSUE,char,2,0.0049,,REVIEW,0,CONTAINS,KEEP,Contains-rule false positive (OTHER/ANOTHER/N-A substring in a real value),Gerard,2026-09-28
CPT1_Label,"Other diagnostic procedures, female organs",4F7468657220646961676E6F737469632070726F636564757265732C2066656D616C65206F7267616E73,42,"OTHER DIAGNOSTIC PROCEDURES, FEMALE ORGANS",char,133,0.3232,,REVIEW,0,CONTAINS,KEEP,Contains-rule false positive (OTHER/ANOTHER/N-A substring in a real value),Gerard,2026-09-28
CPT1_Label,Other diagnostic radiology and related techniques,4F7468657220646961676E6F7374696320726164696F6C6F677920616E642072656C6174656420746563686E6971756573,49,OTHER DIAGNOSTIC RADIOLOGY AND RELATED TECHNIQUES,char,214,0.5200,,REVIEW,0,CONTAINS,KEEP,Contains-rule false positive (OTHER/ANOTHER/N-A substring in a real value),Gerard,2026-09-28
CPT1_Label,Other diagnostic ultrasound,4F7468657220646961676E6F7374696320756C747261736F756E64,27,OTHER DIAGNOSTIC ULTRASOUND,char,1,0.0024,,REVIEW,0,CONTAINS,KEEP,Contains-rule false positive (OTHER/ANOTHER/N-A substring in a real value),Gerard,2026-09-28
CPT1_Label,Other excision of cervix and uterus,4F74686572206578636973696F6E206F662063657276697820616E6420757465727573,35,OTHER EXCISION OF CERVIX AND UTERUS,char,4,0.0097,,REVIEW,0,CONTAINS,KEEP,Contains-rule false positive (OTHER/ANOTHER/N-A substring in a real value),Gerard,2026-09-28
CPT1_Label,Other extraocular muscle and orbit therapeutic procedures,4F746865722065787472616F63756C6172206D7573636C6520616E64206F726269742074686572617065757469632070726F63656475726573,57,OTHER EXTRAOCULAR MUSCLE AND ORBIT THERAPEUTIC PROCEDURES,char,54,0.1312,,REVIEW,0,CONTAINS,KEEP,Contains-rule false positive (OTHER/ANOTHER/N-A substring in a real value),Gerard,2026-09-28
CPT1_Label,Other fracture and dislocation procedure,4F7468657220667261637475726520616E64206469736C6F636174696F6E2070726F636564757265,40,OTHER FRACTURE AND DISLOCATION PROCEDURE,char,173,0.4204,,REVIEW,0,CONTAINS,KEEP,Contains-rule false positive (OTHER/ANOTHER/N-A substring in a real value),Gerard,2026-09-28
CPT1_Label,Other gastrointestinal diagnostic procedures,4F746865722067617374726F696E74657374696E616C20646961676E6F737469632070726F63656475726573,44,OTHER GASTROINTESTINAL DIAGNOSTIC PROCEDURES,char,106,0.2576,,REVIEW,0,CONTAINS,KEEP,Contains-rule false positive (OTHER/ANOTHER/N-A substring in a real value),Gerard,2026-09-28
CPT1_Label,Other hernia repair,4F74686572206865726E696120726570616972,19,OTHER HERNIA REPAIR,char,387,0.9405,,REVIEW,0,CONTAINS,KEEP,Contains-rule false positive (OTHER/ANOTHER/N-A substring in a real value),Gerard,2026-09-28
CPT1_Label,Other intraocular therapeutic procedures,4F7468657220696E7472616F63756C61722074686572617065757469632070726F63656475726573,40,OTHER INTRAOCULAR THERAPEUTIC PROCEDURES,char,213,0.5176,,REVIEW,0,CONTAINS,KEEP,Contains-rule false positive (OTHER/ANOTHER/N-A substring in a real value),Gerard,2026-09-28
CPT1_Label,Other non-OR gastrointestinal therapeutic procedures,4F74686572206E6F6E2D4F522067617374726F696E74657374696E616C2074686572617065757469632070726F63656475726573,52,OTHER NON-OR GASTROINTESTINAL THERAPEUTIC PROCEDURES,char,8,0.0194,,REVIEW,0,CONTAINS,KEEP,Contains-rule false positive (OTHER/ANOTHER/N-A substring in a real value),Gerard,2026-09-28
CPT1_Label,Other non-OR lower GI therapeutic procedures,4F74686572206E6F6E2D4F52206C6F7765722047492074686572617065757469632070726F63656475726573,44,OTHER NON-OR LOWER GI THERAPEUTIC PROCEDURES,char,105,0.2552,,REVIEW,0,CONTAINS,KEEP,Contains-rule false positive (OTHER/ANOTHER/N-A substring in a real value),Gerard,2026-09-28
CPT1_Label,Other non-OR or closed therapeutic nervous system procedures,4F74686572206E6F6E2D4F52206F7220636C6F736564207468657261706575746963206E6572766F75732073797374656D2070726F63656475726573,60,OTHER NON-OR OR CLOSED THERAPEUTIC NERVOUS SYSTEM PROCEDURES,char,39,0.0948,,REVIEW,0,CONTAINS,KEEP,Contains-rule false positive (OTHER/ANOTHER/N-A substring in a real value),Gerard,2026-09-28
CPT1_Label,Other non-OR therapeutic cardiovascular procedures,4F74686572206E6F6E2D4F522074686572617065757469632063617264696F76617363756C61722070726F63656475726573,50,OTHER NON-OR THERAPEUTIC CARDIOVASCULAR PROCEDURES,char,60,0.1458,,REVIEW,0,CONTAINS,KEEP,Contains-rule false positive (OTHER/ANOTHER/N-A substring in a real value),Gerard,2026-09-28
CPT1_Label,Other non-OR therapeutic procedures of urinary tract,4F74686572206E6F6E2D4F522074686572617065757469632070726F63656475726573206F66207572696E617279207472616374,52,OTHER NON-OR THERAPEUTIC PROCEDURES OF URINARY TRACT,char,10,0.0243,,REVIEW,0,CONTAINS,KEEP,Contains-rule false positive (OTHER/ANOTHER/N-A substring in a real value),Gerard,2026-09-28
CPT1_Label,Other non-OR therapeutic procedures on musculoskeletal system,4F74686572206E6F6E2D4F522074686572617065757469632070726F63656475726573206F6E206D757363756C6F736B656C6574616C2073797374656D,61,OTHER NON-OR THERAPEUTIC PROCEDURES ON MUSCULOSKELETAL SYSTEM,char,2,0.0049,,REVIEW,0,CONTAINS,KEEP,Contains-rule false positive (OTHER/ANOTHER/N-A substring in a real value),Gerard,2026-09-28
CPT1_Label,"Other non-OR therapeutic procedures on nose, mouth and pharynx",4F74686572206E6F6E2D4F522074686572617065757469632070726F63656475726573206F6E206E6F73652C206D6F75746820616E642070686172796E78,62,"OTHER NON-OR THERAPEUTIC PROCEDURES ON NOSE, MOUTH AND PHARYNX",char,5,0.0122,,REVIEW,0,CONTAINS,KEEP,Contains-rule false positive (OTHER/ANOTHER/N-A substring in a real value),Gerard,2026-09-28
CPT1_Label,Other non-OR therapeutic procedures on respiratory system,4F74686572206E6F6E2D4F522074686572617065757469632070726F63656475726573206F6E2072657370697261746F72792073797374656D,57,OTHER NON-OR THERAPEUTIC PROCEDURES ON RESPIRATORY SYSTEM,char,2,0.0049,,REVIEW,0,CONTAINS,KEEP,Contains-rule false positive (OTHER/ANOTHER/N-A substring in a real value),Gerard,2026-09-28
CPT1_Label,Other non-OR therapeutic procedures on skin and breast,4F74686572206E6F6E2D4F522074686572617065757469632070726F63656475726573206F6E20736B696E20616E6420627265617374,54,OTHER NON-OR THERAPEUTIC PROCEDURES ON SKIN AND BREAST,char,5,0.0122,,REVIEW,0,CONTAINS,KEEP,Contains-rule false positive (OTHER/ANOTHER/N-A substring in a real value),Gerard,2026-09-28
CPT1_Label,"Other non-OR therapeutic procedures, female organs",4F74686572206E6F6E2D4F522074686572617065757469632070726F636564757265732C2066656D616C65206F7267616E73,50,"OTHER NON-OR THERAPEUTIC PROCEDURES, FEMALE ORGANS",char,11,0.0267,,REVIEW,0,CONTAINS,KEEP,Contains-rule false positive (OTHER/ANOTHER/N-A substring in a real value),Gerard,2026-09-28
CPT1_Label,"Other non-OR therapeutic procedures, male genital",4F74686572206E6F6E2D4F522074686572617065757469632070726F636564757265732C206D616C652067656E6974616C,49,"OTHER NON-OR THERAPEUTIC PROCEDURES, MALE GENITAL",char,10,0.0243,,REVIEW,0,CONTAINS,KEEP,Contains-rule false positive (OTHER/ANOTHER/N-A substring in a real value),Gerard,2026-09-28
CPT1_Label,Other organ transplantation,4F74686572206F7267616E207472616E73706C616E746174696F6E,27,OTHER ORGAN TRANSPLANTATION,char,6,0.0146,,REVIEW,0,CONTAINS,KEEP,Contains-rule false positive (OTHER/ANOTHER/N-A substring in a real value),Gerard,2026-09-28
CPT1_Label,Other therapeutic ear procedures,4F74686572207468657261706575746963206561722070726F63656475726573,32,OTHER THERAPEUTIC EAR PROCEDURES,char,202,0.4909,,REVIEW,0,CONTAINS,KEEP,Contains-rule false positive (OTHER/ANOTHER/N-A substring in a real value),Gerard,2026-09-28
CPT1_Label,Other therapeutic endocrine procedures,4F7468657220746865726170657574696320656E646F6372696E652070726F63656475726573,38,OTHER THERAPEUTIC ENDOCRINE PROCEDURES,char,206,0.5006,,REVIEW,0,CONTAINS,KEEP,Contains-rule false positive (OTHER/ANOTHER/N-A substring in a real value),Gerard,2026-09-28
CPT1_Label,Other therapeutic procedures,4F746865722074686572617065757469632070726F63656475726573,28,OTHER THERAPEUTIC PROCEDURES,char,27,0.0656,,REVIEW,0,CONTAINS,KEEP,Contains-rule false positive (OTHER/ANOTHER/N-A substring in a real value),Gerard,2026-09-28
CPT1_Label,"Other therapeutic procedures on eyelids, conjunctiva, cornea",4F746865722074686572617065757469632070726F63656475726573206F6E206579656C6964732C20636F6E6A756E63746976612C20636F726E6561,60,"OTHER THERAPEUTIC PROCEDURES ON EYELIDS, CONJUNCTIVA, CORNEA",char,435,1.0571,,REVIEW,0,CONTAINS,KEEP,Contains-rule false positive (OTHER/ANOTHER/N-A substring in a real value),Gerard,2026-09-28
CPT1_Label,Other therapeutic procedures on muscles and tendons,4F746865722074686572617065757469632070726F63656475726573206F6E206D7573636C657320616E642074656E646F6E73,51,OTHER THERAPEUTIC PROCEDURES ON MUSCLES AND TENDONS,char,501,1.2175,,REVIEW,0,CONTAINS,KEEP,Contains-rule false positive (OTHER/ANOTHER/N-A substring in a real value),Gerard,2026-09-28
CPT1_Label,"Other therapeutic procedures, hemic and lymphatic system",4F746865722074686572617065757469632070726F636564757265732C2068656D696320616E64206C796D7068617469632073797374656D,56,"OTHER THERAPEUTIC PROCEDURES, HEMIC AND LYMPHATIC SYSTEM",char,169,0.4107,,REVIEW,0,CONTAINS,KEEP,Contains-rule false positive (OTHER/ANOTHER/N-A substring in a real value),Gerard,2026-09-28
CPT1_Label,"Other vascular bypass and shunt, not heart",4F746865722076617363756C61722062797061737320616E64207368756E742C206E6F74206865617274,42,"OTHER VASCULAR BYPASS AND SHUNT, NOT HEART",char,96,0.2333,,REVIEW,0,CONTAINS,KEEP,Contains-rule false positive (OTHER/ANOTHER/N-A substring in a real value),Gerard,2026-09-28
CPT1_Label,"Other vascular catheterization, not heart",4F746865722076617363756C6172206361746865746572697A6174696F6E2C206E6F74206865617274,41,"OTHER VASCULAR CATHETERIZATION, NOT HEART",char,407,0.9891,,REVIEW,0,CONTAINS,KEEP,Contains-rule false positive (OTHER/ANOTHER/N-A substring in a real value),Gerard,2026-09-28
CPT1_Label,"Traction, splints, and other wound care",5472616374696F6E2C2073706C696E74732C20616E64206F7468657220776F756E642063617265,39,"TRACTION, SPLINTS, AND OTHER WOUND CARE",char,6,0.0146,,REVIEW,0,CONTAINS,KEEP,Contains-rule false positive (OTHER/ANOTHER/N-A substring in a real value),Gerard,2026-09-28
CPT1_Label,"Treatment, fracture or dislocation of lower extremity (other than hip or femur)",54726561746D656E742C206672616374757265206F72206469736C6F636174696F6E206F66206C6F7765722065787472656D69747920286F74686572207468616E20686970206F722066656D757229,79,"TREATMENT, FRACTURE OR DISLOCATION OF LOWER EXTREMITY (OTHER THAN HIP OR FEMUR)",char,24,0.0583,,REVIEW,0,CONTAINS,KEEP,Contains-rule false positive (OTHER/ANOTHER/N-A substring in a real value),Gerard,2026-09-28
CPT_1,?,3F,1,?,char,1326,3.2224,,AUTO,0,EXACT,MISSING,? placeholder (also covered by wildcard),Gerard,2026-09-28
CPT_1_Description,"PR ABLATE/ RECONSTUCT ATRIA, W OTHER PROCED EXTENS W/ BYPASS",50522041424C4154452F205245434F4E53545543542041545249412C2057204F544845522050524F43454420455854454E5320572F20425950415353,60,"PR ABLATE/ RECONSTUCT ATRIA, W OTHER PROCED EXTENS W/ BYPASS",char,10,0.0243,,REVIEW,0,CONTAINS,KEEP,Contains-rule false positive (OTHER/ANOTHER/N-A substring in a real value),Gerard,2026-09-28
CPT_1_Description,"PR ABLATE/ RECONSTUCT ATRIA, W OTHER PROCED EXTENS W/O BYPASS",50522041424C4154452F205245434F4E53545543542041545249412C2057204F544845522050524F43454420455854454E5320572F4F20425950415353,61,"PR ABLATE/ RECONSTUCT ATRIA, W OTHER PROCED EXTENS W/O BYPASS",char,1,0.0024,,REVIEW,0,CONTAINS,KEEP,Contains-rule false positive (OTHER/ANOTHER/N-A substring in a real value),Gerard,2026-09-28
CPT_1_Description,"PR ABLATE/ RECONSTUCT ATRIA, W OTHER PROCED LIMITED",50522041424C4154452F205245434F4E53545543542041545249412C2057204F544845522050524F434544204C494D49544544,51,"PR ABLATE/ RECONSTUCT ATRIA, W OTHER PROCED LIMITED",char,1,0.0024,,REVIEW,0,CONTAINS,KEEP,Contains-rule false positive (OTHER/ANOTHER/N-A substring in a real value),Gerard,2026-09-28
CPT_1_Description,"PR BYPASS GRAFT OTHR,AORTOSUBCLAVIAN/AORTOINNOMINATE/AORTOCAROTID",505220425950415353204752414654204F5448522C414F52544F535542434C415649414E2F414F52544F494E4E4F4D494E4154452F414F52544F4341524F544944,65,"PR BYPASS GRAFT OTHR,AORTOSUBCLAVIAN/AORTOINNOMINATE/AORTOCAROTID",char,1,0.0024,,REVIEW,0,CONTAINS,KEEP,Contains-rule false positive (OTHER/ANOTHER/N-A substring in a real value),Gerard,2026-09-28
CPT_1_Description,PR DESTRUCT BY NEURO AGENT; OTHER PERIPH NERVE,5052204445535452554354204259204E4555524F204147454E543B204F5448455220504552495048204E45525645,46,PR DESTRUCT BY NEURO AGENT; OTHER PERIPH NERVE,char,1,0.0024,,REVIEW,0,CONTAINS,KEEP,Contains-rule false positive (OTHER/ANOTHER/N-A substring in a real value),Gerard,2026-09-28
CPT_1_Description,PR EGD REMOVAL TUMOR POLYP/OTHER LESION SNARE TECH,5052204547442052454D4F56414C2054554D4F5220504F4C59502F4F54484552204C4553494F4E20534E4152452054454348,50,PR EGD REMOVAL TUMOR POLYP/OTHER LESION SNARE TECH,char,52,0.1264,,REVIEW,0,CONTAINS,KEEP,Contains-rule false positive (OTHER/ANOTHER/N-A substring in a real value),Gerard,2026-09-28
CPT_1_Description,PR INJECTION AA&/STRD OTHER PERIPHERAL NERVE/BRANCH,505220494E4A454354494F4E204141262F53545244204F54484552205045524950484552414C204E455256452F4252414E4348,51,PR INJECTION AA&/STRD OTHER PERIPHERAL NERVE/BRANCH,char,3,0.0073,,REVIEW,0,CONTAINS,KEEP,Contains-rule false positive (OTHER/ANOTHER/N-A substring in a real value),Gerard,2026-09-28
CPT_1_Description,"PR LAP,STOMACH,OTHER,W/O TUBE",5052204C41502C53544F4D4143482C4F544845522C572F4F2054554245,29,"PR LAP,STOMACH,OTHER,W/O TUBE",char,1,0.0024,,REVIEW,0,CONTAINS,KEEP,Contains-rule false positive (OTHER/ANOTHER/N-A substring in a real value),Gerard,2026-09-28
CPT_1_Description,"PR NEUROPLASTY OTHER ARM/LEG NERVE,OPEN",5052204E4555524F504C41535459204F544845522041524D2F4C4547204E455256452C4F50454E,39,"PR NEUROPLASTY OTHER ARM/LEG NERVE,OPEN",char,7,0.0170,,REVIEW,0,CONTAINS,KEEP,Contains-rule false positive (OTHER/ANOTHER/N-A substring in a real value),Gerard,2026-09-28
CPT_1_Description,PR REMV BENIGN FEMUR LESN/ALLOGRAFT,50522052454D562042454E49474E2046454D5552204C45534E2F414C4C4F4752414654,35,PR REMV BENIGN FEMUR LESN/ALLOGRAFT,char,1,0.0024,,REVIEW,0,CONTAINS,KEEP,Contains-rule false positive (OTHER/ANOTHER/N-A substring in a real value),Gerard,2026-09-28
CPT_1_Description,PR RMVL LUNG OTHER THAN PNEUMONECT 1 SEGMENTECTOMY,505220524D564C204C554E47204F54484552205448414E20504E45554D4F4E4543542031205345474D454E544543544F4D59,50,PR RMVL LUNG OTHER THAN PNEUMONECT 1 SEGMENTECTOMY,char,35,0.0851,,REVIEW,0,CONTAINS,KEEP,Contains-rule false positive (OTHER/ANOTHER/N-A substring in a real value),Gerard,2026-09-28
CPT_1_Description,PR RMVL LUNG OTHER THAN PNEUMONECT 2 LOBES BILOBEC,505220524D564C204C554E47204F54484552205448414E20504E45554D4F4E4543542032204C4F4245532042494C4F424543,50,PR RMVL LUNG OTHER THAN PNEUMONECT 2 LOBES BILOBEC,char,4,0.0097,,REVIEW,0,CONTAINS,KEEP,Contains-rule false positive (OTHER/ANOTHER/N-A substring in a real value),Gerard,2026-09-28
CPT_1_Description,PR RMVL LUNG OTHER THAN PNEUMONECTOMY 1 LOBE LOBECT,505220524D564C204C554E47204F54484552205448414E20504E45554D4F4E4543544F4D592031204C4F4245204C4F42454354,51,PR RMVL LUNG OTHER THAN PNEUMONECTOMY 1 LOBE LOBECT,char,164,0.3985,,REVIEW,0,CONTAINS,KEEP,Contains-rule false positive (OTHER/ANOTHER/N-A substring in a real value),Gerard,2026-09-28
CPT_1_Description,"PR TRANSECT OTHER CRAN N,EXTRADURAL",5052205452414E53454354204F54484552204352414E204E2C4558545241445552414C,35,"PR TRANSECT OTHER CRAN N,EXTRADURAL",char,1,0.0024,,REVIEW,0,CONTAINS,KEEP,Contains-rule false positive (OTHER/ANOTHER/N-A substring in a real value),Gerard,2026-09-28
CPT_1_Description,PR TRANSVRS A-ARCH GRF W/CARD BYP PRFD HYPOTHERMIA,5052205452414E5356525320412D415243482047524620572F43415244204259502050524644204859504F544845524D4941,50,PR TRANSVRS A-ARCH GRF W/CARD BYP PRFD HYPOTHERMIA,char,5,0.0122,,REVIEW,0,CONTAINS,KEEP,Contains-rule false positive (OTHER/ANOTHER/N-A substring in a real value),Gerard,2026-09-28
Charlson_Comorbidity_Index,0,30,1,0,num,25023,60.8092,SCORE,AMBIGUOUS,0,AMBIGUOUS_SCORE_ZERO,KEEP,0 is a valid score/count (no events / criterion not met),Gerard,2026-09-28
Cognitive_Score,0,30,1,0,num,11687,28.4010,SCORE,AMBIGUOUS,0,AMBIGUOUS_SCORE_ZERO,MISSING,FIX-04: placeholder sentinel; 0 is not a valid Cognitive Score (lowest real score > 0); D-05,Gerard,2026-09-30
Death_Days_After_Surgery,99,3939,2,99,num,4,0.0097,,REVIEW,0,NUMERIC_SENTINEL,KEEP,Plausible real value for this measure; frequency not a spike,Gerard,2026-09-28
Dischg_Disposition,?,3F,1,?,char,3,0.0073,,AUTO,0,EXACT,MISSING,? placeholder (also covered by wildcard),Gerard,2026-09-28
Dischg_Disposition,TO ANOTHER HOSPITAL,544F20414E4F5448455220484F53504954414C,19,TO ANOTHER HOSPITAL,char,22,0.0535,,REVIEW,0,CONTAINS,KEEP,Contains-rule false positive (OTHER/ANOTHER/N-A substring in a real value),Gerard,2026-09-28
Dischg_Disposition,TO ANOTHER TYPE OF HEALTHCARE FACILITY,544F20414E4F544845522054595045204F46204845414C54484341524520464143494C495459,38,TO ANOTHER TYPE OF HEALTHCARE FACILITY,char,6,0.0146,,REVIEW,0,CONTAINS,KEEP,Contains-rule false positive (OTHER/ANOTHER/N-A substring in a real value),Gerard,2026-09-28
Dischg_Disposition,TO OTHER PSYCHIATRIC FACILITY,544F204F5448455220505359434849415452494320464143494C495459,29,TO OTHER PSYCHIATRIC FACILITY,char,3,0.0073,,REVIEW,0,CONTAINS,KEEP,Contains-rule false positive (OTHER/ANOTHER/N-A substring in a real value),Gerard,2026-09-28
Education,Other,4F74686572,5,OTHER,char,12,0.0292,DEMOGRAPHIC,AMBIGUOUS,0,AMBIGUOUS_BASE,KEEP,Real response category,Gerard,2026-09-28
EmployeeStatus,Unknown,556E6B6E6F776E,7,UNKNOWN,char,4586,11.1446,DEMOGRAPHIC,AMBIGUOUS,0,AMBIGUOUS_DEMOG,MISSING,Unknown = value not recorded,Gerard,2026-09-28
Ethnicity,?,3F,1,?,char,2,0.0049,DEMOGRAPHIC,AUTO,0,EXACT,MISSING,? placeholder (also covered by wildcard),Gerard,2026-09-28
Ethnicity,PATIENT REFUSED,50415449454E542052454655534544,15,PATIENT REFUSED,char,633,1.5383,DEMOGRAPHIC,REVIEW,0,CONTAINS,MISSING,Refused = value not collected; no companion reason column in v2.1,Gerard,2026-09-28
Ethnicity,UNKNOWN,554E4B4E4F574E,7,UNKNOWN,char,256,0.6221,DEMOGRAPHIC,AMBIGUOUS,0,AMBIGUOUS_DEMOG,MISSING,Unknown = value not recorded,Gerard,2026-09-28
Frailty_Score,0,30,1,0,num,10808,26.2649,SCORE,AMBIGUOUS,0,AMBIGUOUS_SCORE_ZERO,KEEP,0 is a valid score/count (no events / criterion not met),Gerard,2026-09-28
ICD10_Principal_Diagnosis,?,3F,1,?,char,11871,28.8481,,AUTO,0,EXACT,MISSING,? placeholder (also covered by wildcard),Gerard,2026-09-28
ICD10_Principal_Diagnosis_Desc,Abnormal levels of other serum enzymes,41626E6F726D616C206C6576656C73206F66206F7468657220736572756D20656E7A796D6573,38,ABNORMAL LEVELS OF OTHER SERUM ENZYMES,char,1,0.0024,,REVIEW,0,CONTAINS,KEEP,Contains-rule false positive (OTHER/ANOTHER/N-A substring in a real value),Gerard,2026-09-28
ICD10_Principal_Diagnosis_Desc,Abnormal result of other cardiovascular function study,41626E6F726D616C20726573756C74206F66206F746865722063617264696F76617363756C61722066756E6374696F6E207374756479,54,ABNORMAL RESULT OF OTHER CARDIOVASCULAR FUNCTION STUDY,char,2,0.0049,,REVIEW,0,CONTAINS,KEEP,Contains-rule false positive (OTHER/ANOTHER/N-A substring in a real value),Gerard,2026-09-28
ICD10_Principal_Diagnosis_Desc,Acquired absence of other specified parts of digestive tract,416371756972656420616273656E6365206F66206F7468657220737065636966696564207061727473206F6620646967657374697665207472616374,60,ACQUIRED ABSENCE OF OTHER SPECIFIED PARTS OF DIGESTIVE TRACT,char,1,0.0024,,REVIEW,0,CONTAINS,KEEP,Contains-rule false positive (OTHER/ANOTHER/N-A substring in a real value),Gerard,2026-09-28
ICD10_Principal_Diagnosis_Desc,Aneurysm of other precerebral arteries,416E65757279736D206F66206F7468657220707265636572656272616C206172746572696573,38,ANEURYSM OF OTHER PRECEREBRAL ARTERIES,char,2,0.0049,,REVIEW,0,CONTAINS,KEEP,Contains-rule false positive (OTHER/ANOTHER/N-A substring in a real value),Gerard,2026-09-28
ICD10_Principal_Diagnosis_Desc,Aneurysm of other specified arteries,416E65757279736D206F66206F7468657220737065636966696564206172746572696573,36,ANEURYSM OF OTHER SPECIFIED ARTERIES,char,7,0.0170,,REVIEW,0,CONTAINS,KEEP,Contains-rule false positive (OTHER/ANOTHER/N-A substring in a real value),Gerard,2026-09-28
ICD10_Principal_Diagnosis_Desc,"Arthritis due to other bacteria, right shoulder",4172746872697469732064756520746F206F746865722062616374657269612C2072696768742073686F756C646572,47,"ARTHRITIS DUE TO OTHER BACTERIA, RIGHT SHOULDER",char,1,0.0024,,REVIEW,0,CONTAINS,KEEP,Contains-rule false positive (OTHER/ANOTHER/N-A substring in a real value),Gerard,2026-09-28
ICD10_Principal_Diagnosis_Desc,Atherosclerosis of other arteries,41746865726F73636C65726F736973206F66206F74686572206172746572696573,33,ATHEROSCLEROSIS OF OTHER ARTERIES,char,7,0.0170,,REVIEW,0,CONTAINS,KEEP,Contains-rule false positive (OTHER/ANOTHER/N-A substring in a real value),Gerard,2026-09-28
ICD10_Principal_Diagnosis_Desc,Basal cell carcinoma of skin of other part of trunk,426173616C2063656C6C2063617263696E6F6D61206F6620736B696E206F66206F746865722070617274206F66207472756E6B,51,BASAL CELL CARCINOMA OF SKIN OF OTHER PART OF TRUNK,char,1,0.0024,,REVIEW,0,CONTAINS,KEEP,Contains-rule false positive (OTHER/ANOTHER/N-A substring in a real value),Gerard,2026-09-28
ICD10_Principal_Diagnosis_Desc,Basal cell carcinoma of skin of other parts of face,426173616C2063656C6C2063617263696E6F6D61206F6620736B696E206F66206F74686572207061727473206F662066616365,51,BASAL CELL CARCINOMA OF SKIN OF OTHER PARTS OF FACE,char,3,0.0073,,REVIEW,0,CONTAINS,KEEP,Contains-rule false positive (OTHER/ANOTHER/N-A substring in a real value),Gerard,2026-09-28
ICD10_Principal_Diagnosis_Desc,Benign lipomatous neoplasm of other sites,42656E69676E206C69706F6D61746F7573206E656F706C61736D206F66206F74686572207369746573,41,BENIGN LIPOMATOUS NEOPLASM OF OTHER SITES,char,4,0.0097,,REVIEW,0,CONTAINS,KEEP,Contains-rule false positive (OTHER/ANOTHER/N-A substring in a real value),Gerard,2026-09-28
ICD10_Principal_Diagnosis_Desc,Benign neoplasm of aortic body and other paraganglia,42656E69676E206E656F706C61736D206F6620616F7274696320626F647920616E64206F74686572207061726167616E676C6961,52,BENIGN NEOPLASM OF AORTIC BODY AND OTHER PARAGANGLIA,char,1,0.0024,,REVIEW,0,CONTAINS,KEEP,Contains-rule false positive (OTHER/ANOTHER/N-A substring in a real value),Gerard,2026-09-28
ICD10_Principal_Diagnosis_Desc,"Benign neoplasm of connective and other soft tissue, unsp",42656E69676E206E656F706C61736D206F6620636F6E6E65637469766520616E64206F7468657220736F6674207469737375652C20756E7370,57,"BENIGN NEOPLASM OF CONNECTIVE AND OTHER SOFT TISSUE, UNSP",char,1,0.0024,,REVIEW,0,CONTAINS,KEEP,Contains-rule false positive (OTHER/ANOTHER/N-A substring in a real value),Gerard,2026-09-28
ICD10_Principal_Diagnosis_Desc,Benign neoplasm of other parts of mouth,42656E69676E206E656F706C61736D206F66206F74686572207061727473206F66206D6F757468,39,BENIGN NEOPLASM OF OTHER PARTS OF MOUTH,char,3,0.0073,,REVIEW,0,CONTAINS,KEEP,Contains-rule false positive (OTHER/ANOTHER/N-A substring in a real value),Gerard,2026-09-28
ICD10_Principal_Diagnosis_Desc,Benign neoplasm of other parts of small intestine,42656E69676E206E656F706C61736D206F66206F74686572207061727473206F6620736D616C6C20696E74657374696E65,49,BENIGN NEOPLASM OF OTHER PARTS OF SMALL INTESTINE,char,1,0.0024,,REVIEW,0,CONTAINS,KEEP,Contains-rule false positive (OTHER/ANOTHER/N-A substring in a real value),Gerard,2026-09-28
ICD10_Principal_Diagnosis_Desc,Benign neoplasm of other specified female genital organs,42656E69676E206E656F706C61736D206F66206F74686572207370656369666965642066656D616C652067656E6974616C206F7267616E73,56,BENIGN NEOPLASM OF OTHER SPECIFIED FEMALE GENITAL ORGANS,char,1,0.0024,,REVIEW,0,CONTAINS,KEEP,Contains-rule false positive (OTHER/ANOTHER/N-A substring in a real value),Gerard,2026-09-28
ICD10_Principal_Diagnosis_Desc,Benign neoplasm of other specified sites,42656E69676E206E656F706C61736D206F66206F7468657220737065636966696564207369746573,40,BENIGN NEOPLASM OF OTHER SPECIFIED SITES,char,1,0.0024,,REVIEW,0,CONTAINS,KEEP,Contains-rule false positive (OTHER/ANOTHER/N-A substring in a real value),Gerard,2026-09-28
ICD10_Principal_Diagnosis_Desc,"Breakdown (mechanical) of other vascular grafts, init encntr",427265616B646F776E20286D656368616E6963616C29206F66206F746865722076617363756C6172206772616674732C20696E697420656E636E7472,60,"BREAKDOWN (MECHANICAL) OF OTHER VASCULAR GRAFTS, INIT ENCNTR",char,1,0.0024,,REVIEW,0,CONTAINS,KEEP,Contains-rule false positive (OTHER/ANOTHER/N-A substring in a real value),Gerard,2026-09-28
ICD10_Principal_Diagnosis_Desc,"Broken internal joint prosthesis, other site, init encntr",42726F6B656E20696E7465726E616C206A6F696E742070726F737468657369732C206F7468657220736974652C20696E697420656E636E7472,57,"BROKEN INTERNAL JOINT PROSTHESIS, OTHER SITE, INIT ENCNTR",char,4,0.0097,,REVIEW,0,CONTAINS,KEEP,Contains-rule false positive (OTHER/ANOTHER/N-A substring in a real value),Gerard,2026-09-28
ICD10_Principal_Diagnosis_Desc,Carcinoma in situ of other urinary organs,43617263696E6F6D6120696E2073697475206F66206F74686572207572696E617279206F7267616E73,41,CARCINOMA IN SITU OF OTHER URINARY ORGANS,char,3,0.0073,,REVIEW,0,CONTAINS,KEEP,Contains-rule false positive (OTHER/ANOTHER/N-A substring in a real value),Gerard,2026-09-28
ICD10_Principal_Diagnosis_Desc,Carcinoma in situ of skin of other parts of face,43617263696E6F6D6120696E2073697475206F6620736B696E206F66206F74686572207061727473206F662066616365,48,CARCINOMA IN SITU OF SKIN OF OTHER PARTS OF FACE,char,1,0.0024,,REVIEW,0,CONTAINS,KEEP,Contains-rule false positive (OTHER/ANOTHER/N-A substring in a real value),Gerard,2026-09-28
ICD10_Principal_Diagnosis_Desc,Congenital malformations of other endocrine glands,436F6E67656E6974616C206D616C666F726D6174696F6E73206F66206F7468657220656E646F6372696E6520676C616E6473,50,CONGENITAL MALFORMATIONS OF OTHER ENDOCRINE GLANDS,char,1,0.0024,,REVIEW,0,CONTAINS,KEEP,Contains-rule false positive (OTHER/ANOTHER/N-A substring in a real value),Gerard,2026-09-28
ICD10_Principal_Diagnosis_Desc,Crohn's disease of large intestine with other complication,43726F686E27732064697365617365206F66206C6172676520696E74657374696E652077697468206F7468657220636F6D706C69636174696F6E,58,CROHN'S DISEASE OF LARGE INTESTINE WITH OTHER COMPLICATION,char,2,0.0049,,REVIEW,0,CONTAINS,KEEP,Contains-rule false positive (OTHER/ANOTHER/N-A substring in a real value),Gerard,2026-09-28
ICD10_Principal_Diagnosis_Desc,"Crohn's disease, unspecified, with other complication",43726F686E277320646973656173652C20756E7370656369666965642C2077697468206F7468657220636F6D706C69636174696F6E,53,"CROHN'S DISEASE, UNSPECIFIED, WITH OTHER COMPLICATION",char,1,0.0024,,REVIEW,0,CONTAINS,KEEP,Contains-rule false positive (OTHER/ANOTHER/N-A substring in a real value),Gerard,2026-09-28
ICD10_Principal_Diagnosis_Desc,Cystic fibrosis with other intestinal manifestations,43797374696320666962726F7369732077697468206F7468657220696E74657374696E616C206D616E69666573746174696F6E73,52,CYSTIC FIBROSIS WITH OTHER INTESTINAL MANIFESTATIONS,char,1,0.0024,,REVIEW,0,CONTAINS,KEEP,Contains-rule false positive (OTHER/ANOTHER/N-A substring in a real value),Gerard,2026-09-28
ICD10_Principal_Diagnosis_Desc,"Dislocation of other internal joint prosthesis, init encntr",4469736C6F636174696F6E206F66206F7468657220696E7465726E616C206A6F696E742070726F737468657369732C20696E697420656E636E7472,59,"DISLOCATION OF OTHER INTERNAL JOINT PROSTHESIS, INIT ENCNTR",char,13,0.0316,,REVIEW,0,CONTAINS,KEEP,Contains-rule false positive (OTHER/ANOTHER/N-A substring in a real value),Gerard,2026-09-28
ICD10_Principal_Diagnosis_Desc,"Displacement of other urinary catheter, initial encounter",446973706C6163656D656E74206F66206F74686572207572696E6172792063617468657465722C20696E697469616C20656E636F756E746572,57,"DISPLACEMENT OF OTHER URINARY CATHETER, INITIAL ENCOUNTER",char,1,0.0024,,REVIEW,0,CONTAINS,KEEP,Contains-rule false positive (OTHER/ANOTHER/N-A substring in a real value),Gerard,2026-09-28
ICD10_Principal_Diagnosis_Desc,"Displacement of other vascular grafts, initial encounter",446973706C6163656D656E74206F66206F746865722076617363756C6172206772616674732C20696E697469616C20656E636F756E746572,56,"DISPLACEMENT OF OTHER VASCULAR GRAFTS, INITIAL ENCOUNTER",char,1,0.0024,,REVIEW,0,CONTAINS,KEEP,Contains-rule false positive (OTHER/ANOTHER/N-A substring in a real value),Gerard,2026-09-28
ICD10_Principal_Diagnosis_Desc,Dissection of other specified artery,44697373656374696F6E206F66206F746865722073706563696669656420617274657279,36,DISSECTION OF OTHER SPECIFIED ARTERY,char,1,0.0024,,REVIEW,0,CONTAINS,KEEP,Contains-rule false positive (OTHER/ANOTHER/N-A substring in a real value),Gerard,2026-09-28
ICD10_Principal_Diagnosis_Desc,Embolism and thrombosis of other arteries,456D626F6C69736D20616E64207468726F6D626F736973206F66206F74686572206172746572696573,41,EMBOLISM AND THROMBOSIS OF OTHER ARTERIES,char,2,0.0049,,REVIEW,0,CONTAINS,KEEP,Contains-rule false positive (OTHER/ANOTHER/N-A substring in a real value),Gerard,2026-09-28
ICD10_Principal_Diagnosis_Desc,Encephalocele of other sites,456E63657068616C6F63656C65206F66206F74686572207369746573,28,ENCEPHALOCELE OF OTHER SITES,char,9,0.0219,,REVIEW,0,CONTAINS,KEEP,Contains-rule false positive (OTHER/ANOTHER/N-A substring in a real value),Gerard,2026-09-28
ICD10_Principal_Diagnosis_Desc,Encounter for other preprocedural examination,456E636F756E74657220666F72206F746865722070726570726F6365647572616C206578616D696E6174696F6E,45,ENCOUNTER FOR OTHER PREPROCEDURAL EXAMINATION,char,46,0.1118,,REVIEW,0,CONTAINS,KEEP,Contains-rule false positive (OTHER/ANOTHER/N-A substring in a real value),Gerard,2026-09-28
ICD10_Principal_Diagnosis_Desc,Encounter for prophylactic removal of other organ,456E636F756E74657220666F722070726F7068796C61637469632072656D6F76616C206F66206F74686572206F7267616E,49,ENCOUNTER FOR PROPHYLACTIC REMOVAL OF OTHER ORGAN,char,1,0.0024,,REVIEW,0,CONTAINS,KEEP,Contains-rule false positive (OTHER/ANOTHER/N-A substring in a real value),Gerard,2026-09-28
ICD10_Principal_Diagnosis_Desc,"Erosion of other implanted mesh to organ or tissue, init",45726F73696F6E206F66206F7468657220696D706C616E746564206D65736820746F206F7267616E206F72207469737375652C20696E6974,56,"EROSION OF OTHER IMPLANTED MESH TO ORGAN OR TISSUE, INIT",char,1,0.0024,,REVIEW,0,CONTAINS,KEEP,Contains-rule false positive (OTHER/ANOTHER/N-A substring in a real value),Gerard,2026-09-28
ICD10_Principal_Diagnosis_Desc,Gastrointestinal stromal tumor of other sites,47617374726F696E74657374696E616C207374726F6D616C2074756D6F72206F66206F74686572207369746573,45,GASTROINTESTINAL STROMAL TUMOR OF OTHER SITES,char,1,0.0024,,REVIEW,0,CONTAINS,KEEP,Contains-rule false positive (OTHER/ANOTHER/N-A substring in a real value),Gerard,2026-09-28
ICD10_Principal_Diagnosis_Desc,Genetic susceptibility to other malignant neoplasm,47656E6574696320737573636570746962696C69747920746F206F74686572206D616C69676E616E74206E656F706C61736D,50,GENETIC SUSCEPTIBILITY TO OTHER MALIGNANT NEOPLASM,char,2,0.0049,,REVIEW,0,CONTAINS,KEEP,Contains-rule false positive (OTHER/ANOTHER/N-A substring in a real value),Gerard,2026-09-28
ICD10_Principal_Diagnosis_Desc,Hemangioma of other sites,48656D616E67696F6D61206F66206F74686572207369746573,25,HEMANGIOMA OF OTHER SITES,char,1,0.0024,,REVIEW,0,CONTAINS,KEEP,Contains-rule false positive (OTHER/ANOTHER/N-A substring in a real value),Gerard,2026-09-28
ICD10_Principal_Diagnosis_Desc,"I/I react d/t other nrv sys device, implnt or graft, init",492F4920726561637420642F74206F74686572206E727620737973206465766963652C20696D706C6E74206F722067726166742C20696E6974,57,"I/I REACT D/T OTHER NRV SYS DEVICE, IMPLNT OR GRAFT, INIT",char,3,0.0073,,REVIEW,0,CONTAINS,KEEP,Contains-rule false positive (OTHER/ANOTHER/N-A substring in a real value),Gerard,2026-09-28
ICD10_Principal_Diagnosis_Desc,"Idiopathic aseptic necrosis of bone, other site",4964696F7061746869632061736570746963206E6563726F736973206F6620626F6E652C206F746865722073697465,47,"IDIOPATHIC ASEPTIC NECROSIS OF BONE, OTHER SITE",char,2,0.0049,,REVIEW,0,CONTAINS,KEEP,Contains-rule false positive (OTHER/ANOTHER/N-A substring in a real value),Gerard,2026-09-28
ICD10_Principal_Diagnosis_Desc,"Idiopathic interstitial pneumonia, not otherwise specified",4964696F70617468696320696E7465727374697469616C20706E65756D6F6E69612C206E6F74206F746865727769736520737065636966696564,58,"IDIOPATHIC INTERSTITIAL PNEUMONIA, NOT OTHERWISE SPECIFIED",char,2,0.0049,,REVIEW,0,CONTAINS,KEEP,Contains-rule false positive (OTHER/ANOTHER/N-A substring in a real value),Gerard,2026-09-28
ICD10_Principal_Diagnosis_Desc,"Infection following a procedure, other surgical site, init",496E66656374696F6E20666F6C6C6F77696E6720612070726F6365647572652C206F7468657220737572676963616C20736974652C20696E6974,58,"INFECTION FOLLOWING A PROCEDURE, OTHER SURGICAL SITE, INIT",char,2,0.0049,,REVIEW,0,CONTAINS,KEEP,Contains-rule false positive (OTHER/ANOTHER/N-A substring in a real value),Gerard,2026-09-28
ICD10_Principal_Diagnosis_Desc,"Leakage of other vascular grafts, initial encounter",4C65616B616765206F66206F746865722076617363756C6172206772616674732C20696E697469616C20656E636F756E746572,51,"LEAKAGE OF OTHER VASCULAR GRAFTS, INITIAL ENCOUNTER",char,2,0.0049,,REVIEW,0,CONTAINS,KEEP,Contains-rule false positive (OTHER/ANOTHER/N-A substring in a real value),Gerard,2026-09-28
ICD10_Principal_Diagnosis_Desc,"Malig neoplasm of liver, not specified as primary or sec",4D616C6967206E656F706C61736D206F66206C697665722C206E6F7420737065636966696564206173207072696D617279206F7220736563,56,"MALIG NEOPLASM OF LIVER, NOT SPECIFIED AS PRIMARY OR SEC",char,3,0.0073,,REVIEW,0,CONTAINS,KEEP,Contains-rule false positive (OTHER/ANOTHER/N-A substring in a real value),Gerard,2026-09-28
ICD10_Principal_Diagnosis_Desc,Malignant carcinoid tumors of other sites,4D616C69676E616E742063617263696E6F69642074756D6F7273206F66206F74686572207369746573,41,MALIGNANT CARCINOID TUMORS OF OTHER SITES,char,2,0.0049,,REVIEW,0,CONTAINS,KEEP,Contains-rule false positive (OTHER/ANOTHER/N-A substring in a real value),Gerard,2026-09-28
ICD10_Principal_Diagnosis_Desc,Malignant melanoma of other part of trunk,4D616C69676E616E74206D656C616E6F6D61206F66206F746865722070617274206F66207472756E6B,41,MALIGNANT MELANOMA OF OTHER PART OF TRUNK,char,32,0.0778,,REVIEW,0,CONTAINS,KEEP,Contains-rule false positive (OTHER/ANOTHER/N-A substring in a real value),Gerard,2026-09-28
ICD10_Principal_Diagnosis_Desc,Malignant melanoma of other parts of face,4D616C69676E616E74206D656C616E6F6D61206F66206F74686572207061727473206F662066616365,41,MALIGNANT MELANOMA OF OTHER PARTS OF FACE,char,16,0.0389,,REVIEW,0,CONTAINS,KEEP,Contains-rule false positive (OTHER/ANOTHER/N-A substring in a real value),Gerard,2026-09-28
ICD10_Principal_Diagnosis_Desc,"Mech compl of other internal joint prosthesis, init encntr",4D65636820636F6D706C206F66206F7468657220696E7465726E616C206A6F696E742070726F737468657369732C20696E697420656E636E7472,58,"MECH COMPL OF OTHER INTERNAL JOINT PROSTHESIS, INIT ENCNTR",char,16,0.0389,,REVIEW,0,CONTAINS,KEEP,Contains-rule false positive (OTHER/ANOTHER/N-A substring in a real value),Gerard,2026-09-28
ICD10_Principal_Diagnosis_Desc,Melanoma in situ of other part of trunk,4D656C616E6F6D6120696E2073697475206F66206F746865722070617274206F66207472756E6B,39,MELANOMA IN SITU OF OTHER PART OF TRUNK,char,1,0.0024,,REVIEW,0,CONTAINS,KEEP,Contains-rule false positive (OTHER/ANOTHER/N-A substring in a real value),Gerard,2026-09-28
ICD10_Principal_Diagnosis_Desc,Melanoma in situ of other parts of face,4D656C616E6F6D6120696E2073697475206F66206F74686572207061727473206F662066616365,39,MELANOMA IN SITU OF OTHER PARTS OF FACE,char,3,0.0073,,REVIEW,0,CONTAINS,KEEP,Contains-rule false positive (OTHER/ANOTHER/N-A substring in a real value),Gerard,2026-09-28
ICD10_Principal_Diagnosis_Desc,Melanoma in situ of other sites,4D656C616E6F6D6120696E2073697475206F66206F74686572207369746573,31,MELANOMA IN SITU OF OTHER SITES,char,1,0.0024,,REVIEW,0,CONTAINS,KEEP,Contains-rule false positive (OTHER/ANOTHER/N-A substring in a real value),Gerard,2026-09-28
ICD10_Principal_Diagnosis_Desc,Merkel cell carcinoma of other parts of face,4D65726B656C2063656C6C2063617263696E6F6D61206F66206F74686572207061727473206F662066616365,44,MERKEL CELL CARCINOMA OF OTHER PARTS OF FACE,char,3,0.0073,,REVIEW,0,CONTAINS,KEEP,Contains-rule false positive (OTHER/ANOTHER/N-A substring in a real value),Gerard,2026-09-28
ICD10_Principal_Diagnosis_Desc,Mesothelioma of other sites,4D65736F7468656C696F6D61206F66206F74686572207369746573,27,MESOTHELIOMA OF OTHER SITES,char,5,0.0122,,REVIEW,0,CONTAINS,KEEP,Contains-rule false positive (OTHER/ANOTHER/N-A substring in a real value),Gerard,2026-09-28
ICD10_Principal_Diagnosis_Desc,"Myalgia, other site",4D79616C6769612C206F746865722073697465,19,"MYALGIA, OTHER SITE",char,1,0.0024,,REVIEW,0,CONTAINS,KEEP,Contains-rule false positive (OTHER/ANOTHER/N-A substring in a real value),Gerard,2026-09-28
ICD10_Principal_Diagnosis_Desc,Neoplasm of uncertain behavior of other respiratory organs,4E656F706C61736D206F6620756E6365727461696E206265686176696F72206F66206F746865722072657370697261746F7279206F7267616E73,58,NEOPLASM OF UNCERTAIN BEHAVIOR OF OTHER RESPIRATORY ORGANS,char,1,0.0024,,REVIEW,0,CONTAINS,KEEP,Contains-rule false positive (OTHER/ANOTHER/N-A substring in a real value),Gerard,2026-09-28
ICD10_Principal_Diagnosis_Desc,Neoplasm of unspecified behavior of other GU organ,4E656F706C61736D206F6620756E737065636966696564206265686176696F72206F66206F74686572204755206F7267616E,50,NEOPLASM OF UNSPECIFIED BEHAVIOR OF OTHER GU ORGAN,char,1,0.0024,,REVIEW,0,CONTAINS,KEEP,Contains-rule false positive (OTHER/ANOTHER/N-A substring in a real value),Gerard,2026-09-28
ICD10_Principal_Diagnosis_Desc,Neoplasm of unspecified behavior of other specified sites,4E656F706C61736D206F6620756E737065636966696564206265686176696F72206F66206F7468657220737065636966696564207369746573,57,NEOPLASM OF UNSPECIFIED BEHAVIOR OF OTHER SPECIFIED SITES,char,2,0.0049,,REVIEW,0,CONTAINS,KEEP,Contains-rule false positive (OTHER/ANOTHER/N-A substring in a real value),Gerard,2026-09-28
ICD10_Principal_Diagnosis_Desc,"Open bite of other part of head, initial encounter",4F70656E2062697465206F66206F746865722070617274206F6620686561642C20696E697469616C20656E636F756E746572,50,"OPEN BITE OF OTHER PART OF HEAD, INITIAL ENCOUNTER",char,1,0.0024,,REVIEW,0,CONTAINS,KEEP,Contains-rule false positive (OTHER/ANOTHER/N-A substring in a real value),Gerard,2026-09-28
ICD10_Principal_Diagnosis_Desc,"Oth complication of other internal prosth dev/grft, init",4F746820636F6D706C69636174696F6E206F66206F7468657220696E7465726E616C2070726F737468206465762F677266742C20696E6974,56,"OTH COMPLICATION OF OTHER INTERNAL PROSTH DEV/GRFT, INIT",char,3,0.0073,,REVIEW,0,CONTAINS,KEEP,Contains-rule false positive (OTHER/ANOTHER/N-A substring in a real value),Gerard,2026-09-28
ICD10_Principal_Diagnosis_Desc,"Other Hodgkin lymphoma, intrathoracic lymph nodes",4F7468657220486F64676B696E206C796D70686F6D612C20696E74726174686F7261636963206C796D7068206E6F646573,49,"OTHER HODGKIN LYMPHOMA, INTRATHORACIC LYMPH NODES",char,1,0.0024,,REVIEW,0,CONTAINS,KEEP,Contains-rule false positive (OTHER/ANOTHER/N-A substring in a real value),Gerard,2026-09-28
ICD10_Principal_Diagnosis_Desc,Other abn findings on cytolog and histolog exam of urine,4F746865722061626E2066696E64696E6773206F6E206379746F6C6F6720616E6420686973746F6C6F67206578616D206F66207572696E65,56,OTHER ABN FINDINGS ON CYTOLOG AND HISTOLOG EXAM OF URINE,char,2,0.0049,,REVIEW,0,CONTAINS,KEEP,Contains-rule false positive (OTHER/ANOTHER/N-A substring in a real value),Gerard,2026-09-28
ICD10_Principal_Diagnosis_Desc,Other abnormal findings in urine,4F746865722061626E6F726D616C2066696E64696E677320696E207572696E65,32,OTHER ABNORMAL FINDINGS IN URINE,char,2,0.0049,,REVIEW,0,CONTAINS,KEEP,Contains-rule false positive (OTHER/ANOTHER/N-A substring in a real value),Gerard,2026-09-28
ICD10_Principal_Diagnosis_Desc,Other abnormal findings on microbiolog examination of urine,4F746865722061626E6F726D616C2066696E64696E6773206F6E206D6963726F62696F6C6F67206578616D696E6174696F6E206F66207572696E65,59,OTHER ABNORMAL FINDINGS ON MICROBIOLOG EXAMINATION OF URINE,char,1,0.0024,,REVIEW,0,CONTAINS,KEEP,Contains-rule false positive (OTHER/ANOTHER/N-A substring in a real value),Gerard,2026-09-28
ICD10_Principal_Diagnosis_Desc,Other abnormalities of heart beat,4F746865722061626E6F726D616C6974696573206F662068656172742062656174,33,OTHER ABNORMALITIES OF HEART BEAT,char,1,0.0024,,REVIEW,0,CONTAINS,KEEP,Contains-rule false positive (OTHER/ANOTHER/N-A substring in a real value),Gerard,2026-09-28
ICD10_Principal_Diagnosis_Desc,Other acquired deformity of head,4F74686572206163717569726564206465666F726D697479206F662068656164,32,OTHER ACQUIRED DEFORMITY OF HEAD,char,9,0.0219,,REVIEW,0,CONTAINS,KEEP,Contains-rule false positive (OTHER/ANOTHER/N-A substring in a real value),Gerard,2026-09-28
ICD10_Principal_Diagnosis_Desc,"Other acute osteomyelitis, other site",4F74686572206163757465206F7374656F6D79656C697469732C206F746865722073697465,37,"OTHER ACUTE OSTEOMYELITIS, OTHER SITE",char,2,0.0049,,REVIEW,0,CONTAINS,KEEP,Contains-rule false positive (OTHER/ANOTHER/N-A substring in a real value),Gerard,2026-09-28
ICD10_Principal_Diagnosis_Desc,"Other acute osteomyelitis, right ankle and foot",4F74686572206163757465206F7374656F6D79656C697469732C20726967687420616E6B6C6520616E6420666F6F74,47,"OTHER ACUTE OSTEOMYELITIS, RIGHT ANKLE AND FOOT",char,1,0.0024,,REVIEW,0,CONTAINS,KEEP,Contains-rule false positive (OTHER/ANOTHER/N-A substring in a real value),Gerard,2026-09-28
ICD10_Principal_Diagnosis_Desc,Other acute postprocedural pain,4F7468657220616375746520706F737470726F6365647572616C207061696E,31,OTHER ACUTE POSTPROCEDURAL PAIN,char,1,0.0024,,REVIEW,0,CONTAINS,KEEP,Contains-rule false positive (OTHER/ANOTHER/N-A substring in a real value),Gerard,2026-09-28
ICD10_Principal_Diagnosis_Desc,Other age-related cataract,4F74686572206167652D72656C61746564206361746172616374,26,OTHER AGE-RELATED CATARACT,char,6,0.0146,,REVIEW,0,CONTAINS,KEEP,Contains-rule false positive (OTHER/ANOTHER/N-A substring in a real value),Gerard,2026-09-28
ICD10_Principal_Diagnosis_Desc,"Other age-related incipient cataract, left eye",4F74686572206167652D72656C6174656420696E63697069656E742063617461726163742C206C65667420657965,46,"OTHER AGE-RELATED INCIPIENT CATARACT, LEFT EYE",char,1,0.0024,,REVIEW,0,CONTAINS,KEEP,Contains-rule false positive (OTHER/ANOTHER/N-A substring in a real value),Gerard,2026-09-28
ICD10_Principal_Diagnosis_Desc,"Other and unsp ventral hernia with obstruction, w/o gangrene",4F7468657220616E6420756E73702076656E7472616C206865726E69612077697468206F62737472756374696F6E2C20772F6F2067616E6772656E65,60,"OTHER AND UNSP VENTRAL HERNIA WITH OBSTRUCTION, W/O GANGRENE",char,3,0.0073,,REVIEW,0,CONTAINS,KEEP,Contains-rule false positive (OTHER/ANOTHER/N-A substring in a real value),Gerard,2026-09-28
ICD10_Principal_Diagnosis_Desc,Other arterial embolism and thrombosis of abdominal aorta,4F7468657220617274657269616C20656D626F6C69736D20616E64207468726F6D626F736973206F66206162646F6D696E616C20616F727461,57,OTHER ARTERIAL EMBOLISM AND THROMBOSIS OF ABDOMINAL AORTA,char,3,0.0073,,REVIEW,0,CONTAINS,KEEP,Contains-rule false positive (OTHER/ANOTHER/N-A substring in a real value),Gerard,2026-09-28
ICD10_Principal_Diagnosis_Desc,Other ascites,4F746865722061736369746573,13,OTHER ASCITES,char,3,0.0073,,REVIEW,0,CONTAINS,KEEP,Contains-rule false positive (OTHER/ANOTHER/N-A substring in a real value),Gerard,2026-09-28
ICD10_Principal_Diagnosis_Desc,Other benign mammary dysplasias of left breast,4F746865722062656E69676E206D616D6D61727920647973706C6173696173206F66206C65667420627265617374,46,OTHER BENIGN MAMMARY DYSPLASIAS OF LEFT BREAST,char,1,0.0024,,REVIEW,0,CONTAINS,KEEP,Contains-rule false positive (OTHER/ANOTHER/N-A substring in a real value),Gerard,2026-09-28
ICD10_Principal_Diagnosis_Desc,Other benign neoplasm of corpus uteri,4F746865722062656E69676E206E656F706C61736D206F6620636F72707573207574657269,37,OTHER BENIGN NEOPLASM OF CORPUS UTERI,char,2,0.0049,,REVIEW,0,CONTAINS,KEEP,Contains-rule false positive (OTHER/ANOTHER/N-A substring in a real value),Gerard,2026-09-28
ICD10_Principal_Diagnosis_Desc,Other benign neoplasm of other parts of uterus,4F746865722062656E69676E206E656F706C61736D206F66206F74686572207061727473206F6620757465727573,46,OTHER BENIGN NEOPLASM OF OTHER PARTS OF UTERUS,char,1,0.0024,,REVIEW,0,CONTAINS,KEEP,Contains-rule false positive (OTHER/ANOTHER/N-A substring in a real value),Gerard,2026-09-28
ICD10_Principal_Diagnosis_Desc,Other benign neoplasm of skin of other parts of face,4F746865722062656E69676E206E656F706C61736D206F6620736B696E206F66206F74686572207061727473206F662066616365,52,OTHER BENIGN NEOPLASM OF SKIN OF OTHER PARTS OF FACE,char,1,0.0024,,REVIEW,0,CONTAINS,KEEP,Contains-rule false positive (OTHER/ANOTHER/N-A substring in a real value),Gerard,2026-09-28
ICD10_Principal_Diagnosis_Desc,Other benign neuroendocrine tumors,4F746865722062656E69676E206E6575726F656E646F6372696E652074756D6F7273,34,OTHER BENIGN NEUROENDOCRINE TUMORS,char,11,0.0267,,REVIEW,0,CONTAINS,KEEP,Contains-rule false positive (OTHER/ANOTHER/N-A substring in a real value),Gerard,2026-09-28
ICD10_Principal_Diagnosis_Desc,Other bilateral secondary osteoarthritis of hip,4F746865722062696C61746572616C207365636F6E64617279206F7374656F617274687269746973206F6620686970,47,OTHER BILATERAL SECONDARY OSTEOARTHRITIS OF HIP,char,1,0.0024,,REVIEW,0,CONTAINS,KEEP,Contains-rule false positive (OTHER/ANOTHER/N-A substring in a real value),Gerard,2026-09-28
ICD10_Principal_Diagnosis_Desc,Other bilateral secondary osteoarthritis of knee,4F746865722062696C61746572616C207365636F6E64617279206F7374656F617274687269746973206F66206B6E6565,48,OTHER BILATERAL SECONDARY OSTEOARTHRITIS OF KNEE,char,1,0.0024,,REVIEW,0,CONTAINS,KEEP,Contains-rule false positive (OTHER/ANOTHER/N-A substring in a real value),Gerard,2026-09-28
ICD10_Principal_Diagnosis_Desc,"Other bursal cyst, other site",4F746865722062757273616C20637973742C206F746865722073697465,29,"OTHER BURSAL CYST, OTHER SITE",char,5,0.0122,,REVIEW,0,CONTAINS,KEEP,Contains-rule false positive (OTHER/ANOTHER/N-A substring in a real value),Gerard,2026-09-28
ICD10_Principal_Diagnosis_Desc,Other cardiomyopathies,4F746865722063617264696F6D796F70617468696573,22,OTHER CARDIOMYOPATHIES,char,1,0.0024,,REVIEW,0,CONTAINS,KEEP,Contains-rule false positive (OTHER/ANOTHER/N-A substring in a real value),Gerard,2026-09-28
ICD10_Principal_Diagnosis_Desc,Other cerebrovascular disease,4F74686572206365726562726F76617363756C61722064697365617365,29,OTHER CEREBROVASCULAR DISEASE,char,1,0.0024,,REVIEW,0,CONTAINS,KEEP,Contains-rule false positive (OTHER/ANOTHER/N-A substring in a real value),Gerard,2026-09-28
ICD10_Principal_Diagnosis_Desc,Other cervical disc displacement at C6-C7 level,4F7468657220636572766963616C206469736320646973706C6163656D656E742061742043362D4337206C6576656C,47,OTHER CERVICAL DISC DISPLACEMENT AT C6-C7 LEVEL,char,1,0.0024,,REVIEW,0,CONTAINS,KEEP,Contains-rule false positive (OTHER/ANOTHER/N-A substring in a real value),Gerard,2026-09-28
ICD10_Principal_Diagnosis_Desc,Other chest pain,4F74686572206368657374207061696E,16,OTHER CHEST PAIN,char,1,0.0024,,REVIEW,0,CONTAINS,KEEP,Contains-rule false positive (OTHER/ANOTHER/N-A substring in a real value),Gerard,2026-09-28
ICD10_Principal_Diagnosis_Desc,Other cholangitis,4F746865722063686F6C616E6769746973,17,OTHER CHOLANGITIS,char,2,0.0049,,REVIEW,0,CONTAINS,KEEP,Contains-rule false positive (OTHER/ANOTHER/N-A substring in a real value),Gerard,2026-09-28
ICD10_Principal_Diagnosis_Desc,Other chronic cystitis without hematuria,4F74686572206368726F6E696320637973746974697320776974686F75742068656D617475726961,40,OTHER CHRONIC CYSTITIS WITHOUT HEMATURIA,char,4,0.0097,,REVIEW,0,CONTAINS,KEEP,Contains-rule false positive (OTHER/ANOTHER/N-A substring in a real value),Gerard,2026-09-28
ICD10_Principal_Diagnosis_Desc,"Other chronic nonsuppurative otitis media, left ear",4F74686572206368726F6E6963206E6F6E7375707075726174697665206F7469746973206D656469612C206C65667420656172,51,"OTHER CHRONIC NONSUPPURATIVE OTITIS MEDIA, LEFT EAR",char,1,0.0024,,REVIEW,0,CONTAINS,KEEP,Contains-rule false positive (OTHER/ANOTHER/N-A substring in a real value),Gerard,2026-09-28
ICD10_Principal_Diagnosis_Desc,"Other chronic nonsuppurative otitis media, right ear",4F74686572206368726F6E6963206E6F6E7375707075726174697665206F7469746973206D656469612C20726967687420656172,52,"OTHER CHRONIC NONSUPPURATIVE OTITIS MEDIA, RIGHT EAR",char,1,0.0024,,REVIEW,0,CONTAINS,KEEP,Contains-rule false positive (OTHER/ANOTHER/N-A substring in a real value),Gerard,2026-09-28
ICD10_Principal_Diagnosis_Desc,"Other chronic osteomyelitis, left radius and ulna",4F74686572206368726F6E6963206F7374656F6D79656C697469732C206C6566742072616469757320616E6420756C6E61,49,"OTHER CHRONIC OSTEOMYELITIS, LEFT RADIUS AND ULNA",char,1,0.0024,,REVIEW,0,CONTAINS,KEEP,Contains-rule false positive (OTHER/ANOTHER/N-A substring in a real value),Gerard,2026-09-28
ICD10_Principal_Diagnosis_Desc,"Other chronic osteomyelitis, left thigh",4F74686572206368726F6E6963206F7374656F6D79656C697469732C206C656674207468696768,39,"OTHER CHRONIC OSTEOMYELITIS, LEFT THIGH",char,2,0.0049,,REVIEW,0,CONTAINS,KEEP,Contains-rule false positive (OTHER/ANOTHER/N-A substring in a real value),Gerard,2026-09-28
ICD10_Principal_Diagnosis_Desc,"Other chronic osteomyelitis, other site",4F74686572206368726F6E6963206F7374656F6D79656C697469732C206F746865722073697465,39,"OTHER CHRONIC OSTEOMYELITIS, OTHER SITE",char,1,0.0024,,REVIEW,0,CONTAINS,KEEP,Contains-rule false positive (OTHER/ANOTHER/N-A substring in a real value),Gerard,2026-09-28
ICD10_Principal_Diagnosis_Desc,"Other chronic osteomyelitis, right ankle and foot",4F74686572206368726F6E6963206F7374656F6D79656C697469732C20726967687420616E6B6C6520616E6420666F6F74,49,"OTHER CHRONIC OSTEOMYELITIS, RIGHT ANKLE AND FOOT",char,1,0.0024,,REVIEW,0,CONTAINS,KEEP,Contains-rule false positive (OTHER/ANOTHER/N-A substring in a real value),Gerard,2026-09-28
ICD10_Principal_Diagnosis_Desc,"Other chronic osteomyelitis, right hand",4F74686572206368726F6E6963206F7374656F6D79656C697469732C2072696768742068616E64,39,"OTHER CHRONIC OSTEOMYELITIS, RIGHT HAND",char,1,0.0024,,REVIEW,0,CONTAINS,KEEP,Contains-rule false positive (OTHER/ANOTHER/N-A substring in a real value),Gerard,2026-09-28
ICD10_Principal_Diagnosis_Desc,Other chronic pain,4F74686572206368726F6E6963207061696E,18,OTHER CHRONIC PAIN,char,181,0.4399,,REVIEW,0,CONTAINS,KEEP,Contains-rule false positive (OTHER/ANOTHER/N-A substring in a real value),Gerard,2026-09-28
ICD10_Principal_Diagnosis_Desc,Other chronic pancreatitis,4F74686572206368726F6E69632070616E637265617469746973,26,OTHER CHRONIC PANCREATITIS,char,25,0.0608,,REVIEW,0,CONTAINS,KEEP,Contains-rule false positive (OTHER/ANOTHER/N-A substring in a real value),Gerard,2026-09-28
ICD10_Principal_Diagnosis_Desc,Other chronic sinusitis,4F74686572206368726F6E69632073696E757369746973,23,OTHER CHRONIC SINUSITIS,char,25,0.0608,,REVIEW,0,CONTAINS,KEEP,Contains-rule false positive (OTHER/ANOTHER/N-A substring in a real value),Gerard,2026-09-28
ICD10_Principal_Diagnosis_Desc,Other cirrhosis of liver,4F746865722063697272686F736973206F66206C69766572,24,OTHER CIRRHOSIS OF LIVER,char,2,0.0049,,REVIEW,0,CONTAINS,KEEP,Contains-rule false positive (OTHER/ANOTHER/N-A substring in a real value),Gerard,2026-09-28
ICD10_Principal_Diagnosis_Desc,Other comp of incontinent external stoma of urinary tract,4F7468657220636F6D70206F6620696E636F6E74696E656E742065787465726E616C2073746F6D61206F66207572696E617279207472616374,57,OTHER COMP OF INCONTINENT EXTERNAL STOMA OF URINARY TRACT,char,1,0.0024,,REVIEW,0,CONTAINS,KEEP,Contains-rule false positive (OTHER/ANOTHER/N-A substring in a real value),Gerard,2026-09-28
ICD10_Principal_Diagnosis_Desc,Other complication of kidney transplant,4F7468657220636F6D706C69636174696F6E206F66206B69646E6579207472616E73706C616E74,39,OTHER COMPLICATION OF KIDNEY TRANSPLANT,char,3,0.0073,,REVIEW,0,CONTAINS,KEEP,Contains-rule false positive (OTHER/ANOTHER/N-A substring in a real value),Gerard,2026-09-28
ICD10_Principal_Diagnosis_Desc,Other complications of amputation stump,4F7468657220636F6D706C69636174696F6E73206F6620616D7075746174696F6E207374756D70,39,OTHER COMPLICATIONS OF AMPUTATION STUMP,char,3,0.0073,,REVIEW,0,CONTAINS,KEEP,Contains-rule false positive (OTHER/ANOTHER/N-A substring in a real value),Gerard,2026-09-28
ICD10_Principal_Diagnosis_Desc,Other complications of bone marrow transplant,4F7468657220636F6D706C69636174696F6E73206F6620626F6E65206D6172726F77207472616E73706C616E74,45,OTHER COMPLICATIONS OF BONE MARROW TRANSPLANT,char,1,0.0024,,REVIEW,0,CONTAINS,KEEP,Contains-rule false positive (OTHER/ANOTHER/N-A substring in a real value),Gerard,2026-09-28
ICD10_Principal_Diagnosis_Desc,Other complications of colostomy,4F7468657220636F6D706C69636174696F6E73206F6620636F6C6F73746F6D79,32,OTHER COMPLICATIONS OF COLOSTOMY,char,4,0.0097,,REVIEW,0,CONTAINS,KEEP,Contains-rule false positive (OTHER/ANOTHER/N-A substring in a real value),Gerard,2026-09-28
ICD10_Principal_Diagnosis_Desc,Other complications of enterostomy,4F7468657220636F6D706C69636174696F6E73206F6620656E7465726F73746F6D79,34,OTHER COMPLICATIONS OF ENTEROSTOMY,char,2,0.0049,,REVIEW,0,CONTAINS,KEEP,Contains-rule false positive (OTHER/ANOTHER/N-A substring in a real value),Gerard,2026-09-28
ICD10_Principal_Diagnosis_Desc,Other complications of gastric band procedure,4F7468657220636F6D706C69636174696F6E73206F6620676173747269632062616E642070726F636564757265,45,OTHER COMPLICATIONS OF GASTRIC BAND PROCEDURE,char,6,0.0146,,REVIEW,0,CONTAINS,KEEP,Contains-rule false positive (OTHER/ANOTHER/N-A substring in a real value),Gerard,2026-09-28
ICD10_Principal_Diagnosis_Desc,Other complications of gastrostomy,4F7468657220636F6D706C69636174696F6E73206F662067617374726F73746F6D79,34,OTHER COMPLICATIONS OF GASTROSTOMY,char,2,0.0049,,REVIEW,0,CONTAINS,KEEP,Contains-rule false positive (OTHER/ANOTHER/N-A substring in a real value),Gerard,2026-09-28
ICD10_Principal_Diagnosis_Desc,Other complications of intestinal pouch,4F7468657220636F6D706C69636174696F6E73206F6620696E74657374696E616C20706F756368,39,OTHER COMPLICATIONS OF INTESTINAL POUCH,char,2,0.0049,,REVIEW,0,CONTAINS,KEEP,Contains-rule false positive (OTHER/ANOTHER/N-A substring in a real value),Gerard,2026-09-28
ICD10_Principal_Diagnosis_Desc,Other complications of liver transplant,4F7468657220636F6D706C69636174696F6E73206F66206C69766572207472616E73706C616E74,39,OTHER COMPLICATIONS OF LIVER TRANSPLANT,char,3,0.0073,,REVIEW,0,CONTAINS,KEEP,Contains-rule false positive (OTHER/ANOTHER/N-A substring in a real value),Gerard,2026-09-28
ICD10_Principal_Diagnosis_Desc,Other complications of lung transplant,4F7468657220636F6D706C69636174696F6E73206F66206C756E67207472616E73706C616E74,38,OTHER COMPLICATIONS OF LUNG TRANSPLANT,char,3,0.0073,,REVIEW,0,CONTAINS,KEEP,Contains-rule false positive (OTHER/ANOTHER/N-A substring in a real value),Gerard,2026-09-28
ICD10_Principal_Diagnosis_Desc,Other complications of other bariatric procedure,4F7468657220636F6D706C69636174696F6E73206F66206F74686572206261726961747269632070726F636564757265,48,OTHER COMPLICATIONS OF OTHER BARIATRIC PROCEDURE,char,4,0.0097,,REVIEW,0,CONTAINS,KEEP,Contains-rule false positive (OTHER/ANOTHER/N-A substring in a real value),Gerard,2026-09-28
ICD10_Principal_Diagnosis_Desc,Other complications of skin graft (allograft) (autograft),4F7468657220636F6D706C69636174696F6E73206F6620736B696E2067726166742028616C6C6F67726166742920286175746F677261667429,57,OTHER COMPLICATIONS OF SKIN GRAFT (ALLOGRAFT) (AUTOGRAFT),char,2,0.0049,,REVIEW,0,CONTAINS,KEEP,Contains-rule false positive (OTHER/ANOTHER/N-A substring in a real value),Gerard,2026-09-28
ICD10_Principal_Diagnosis_Desc,Other constipation,4F7468657220636F6E737469706174696F6E,18,OTHER CONSTIPATION,char,3,0.0073,,REVIEW,0,CONTAINS,KEEP,Contains-rule false positive (OTHER/ANOTHER/N-A substring in a real value),Gerard,2026-09-28
ICD10_Principal_Diagnosis_Desc,Other cystitis with hematuria,4F7468657220637973746974697320776974682068656D617475726961,29,OTHER CYSTITIS WITH HEMATURIA,char,2,0.0049,,REVIEW,0,CONTAINS,KEEP,Contains-rule false positive (OTHER/ANOTHER/N-A substring in a real value),Gerard,2026-09-28
ICD10_Principal_Diagnosis_Desc,Other cystitis without hematuria,4F7468657220637973746974697320776974686F75742068656D617475726961,32,OTHER CYSTITIS WITHOUT HEMATURIA,char,3,0.0073,,REVIEW,0,CONTAINS,KEEP,Contains-rule false positive (OTHER/ANOTHER/N-A substring in a real value),Gerard,2026-09-28
ICD10_Principal_Diagnosis_Desc,"Other cysts of oral region, not elsewhere classified",4F74686572206379737473206F66206F72616C20726567696F6E2C206E6F7420656C7365776865726520636C6173736966696564,52,"OTHER CYSTS OF ORAL REGION, NOT ELSEWHERE CLASSIFIED",char,1,0.0024,,REVIEW,0,CONTAINS,KEEP,Contains-rule false positive (OTHER/ANOTHER/N-A substring in a real value),Gerard,2026-09-28
ICD10_Principal_Diagnosis_Desc,"Other deformities of toe(s) (acquired), right foot",4F74686572206465666F726D6974696573206F6620746F6528732920286163717569726564292C20726967687420666F6F74,50,"OTHER DEFORMITIES OF TOE(S) (ACQUIRED), RIGHT FOOT",char,1,0.0024,,REVIEW,0,CONTAINS,KEEP,Contains-rule false positive (OTHER/ANOTHER/N-A substring in a real value),Gerard,2026-09-28
ICD10_Principal_Diagnosis_Desc,Other dentofacial anomalies,4F746865722064656E746F66616369616C20616E6F6D616C696573,27,OTHER DENTOFACIAL ANOMALIES,char,1,0.0024,,REVIEW,0,CONTAINS,KEEP,Contains-rule false positive (OTHER/ANOTHER/N-A substring in a real value),Gerard,2026-09-28
ICD10_Principal_Diagnosis_Desc,Other diseases of larynx,4F74686572206469736561736573206F66206C6172796E78,24,OTHER DISEASES OF LARYNX,char,8,0.0194,,REVIEW,0,CONTAINS,KEEP,Contains-rule false positive (OTHER/ANOTHER/N-A substring in a real value),Gerard,2026-09-28
ICD10_Principal_Diagnosis_Desc,"Other diseases of mediastinum, not elsewhere classified",4F74686572206469736561736573206F66206D656469617374696E756D2C206E6F7420656C7365776865726520636C6173736966696564,55,"OTHER DISEASES OF MEDIASTINUM, NOT ELSEWHERE CLASSIFIED",char,4,0.0097,,REVIEW,0,CONTAINS,KEEP,Contains-rule false positive (OTHER/ANOTHER/N-A substring in a real value),Gerard,2026-09-28
ICD10_Principal_Diagnosis_Desc,Other diseases of pharynx,4F74686572206469736561736573206F662070686172796E78,25,OTHER DISEASES OF PHARYNX,char,6,0.0146,,REVIEW,0,CONTAINS,KEEP,Contains-rule false positive (OTHER/ANOTHER/N-A substring in a real value),Gerard,2026-09-28
ICD10_Principal_Diagnosis_Desc,Other diseases of salivary glands,4F74686572206469736561736573206F662073616C697661727920676C616E6473,33,OTHER DISEASES OF SALIVARY GLANDS,char,5,0.0122,,REVIEW,0,CONTAINS,KEEP,Contains-rule false positive (OTHER/ANOTHER/N-A substring in a real value),Gerard,2026-09-28
ICD10_Principal_Diagnosis_Desc,Other diseases of stomach and duodenum,4F74686572206469736561736573206F662073746F6D61636820616E642064756F64656E756D,38,OTHER DISEASES OF STOMACH AND DUODENUM,char,19,0.0462,,REVIEW,0,CONTAINS,KEEP,Contains-rule false positive (OTHER/ANOTHER/N-A substring in a real value),Gerard,2026-09-28
ICD10_Principal_Diagnosis_Desc,Other diseases of tongue,4F74686572206469736561736573206F6620746F6E677565,24,OTHER DISEASES OF TONGUE,char,4,0.0097,,REVIEW,0,CONTAINS,KEEP,Contains-rule false positive (OTHER/ANOTHER/N-A substring in a real value),Gerard,2026-09-28
ICD10_Principal_Diagnosis_Desc,Other diseases of vocal cords,4F74686572206469736561736573206F6620766F63616C20636F726473,29,OTHER DISEASES OF VOCAL CORDS,char,6,0.0146,,REVIEW,0,CONTAINS,KEEP,Contains-rule false positive (OTHER/ANOTHER/N-A substring in a real value),Gerard,2026-09-28
ICD10_Principal_Diagnosis_Desc,Other disorder of circulatory system,4F74686572206469736F72646572206F662063697263756C61746F72792073797374656D,36,OTHER DISORDER OF CIRCULATORY SYSTEM,char,3,0.0073,,REVIEW,0,CONTAINS,KEEP,Contains-rule false positive (OTHER/ANOTHER/N-A substring in a real value),Gerard,2026-09-28
ICD10_Principal_Diagnosis_Desc,Other disorders of lung,4F74686572206469736F7264657273206F66206C756E67,23,OTHER DISORDERS OF LUNG,char,3,0.0073,,REVIEW,0,CONTAINS,KEEP,Contains-rule false positive (OTHER/ANOTHER/N-A substring in a real value),Gerard,2026-09-28
ICD10_Principal_Diagnosis_Desc,"Other disorders of meninges, not elsewhere classified",4F74686572206469736F7264657273206F66206D656E696E6765732C206E6F7420656C7365776865726520636C6173736966696564,53,"OTHER DISORDERS OF MENINGES, NOT ELSEWHERE CLASSIFIED",char,6,0.0146,,REVIEW,0,CONTAINS,KEEP,Contains-rule false positive (OTHER/ANOTHER/N-A substring in a real value),Gerard,2026-09-28
ICD10_Principal_Diagnosis_Desc,Other disorders of orbit,4F74686572206469736F7264657273206F66206F72626974,24,OTHER DISORDERS OF ORBIT,char,2,0.0049,,REVIEW,0,CONTAINS,KEEP,Contains-rule false positive (OTHER/ANOTHER/N-A substring in a real value),Gerard,2026-09-28
ICD10_Principal_Diagnosis_Desc,Other disorders of pituitary gland,4F74686572206469736F7264657273206F662070697475697461727920676C616E64,34,OTHER DISORDERS OF PITUITARY GLAND,char,3,0.0073,,REVIEW,0,CONTAINS,KEEP,Contains-rule false positive (OTHER/ANOTHER/N-A substring in a real value),Gerard,2026-09-28
ICD10_Principal_Diagnosis_Desc,Other disorders of prepuce,4F74686572206469736F7264657273206F662070726570756365,26,OTHER DISORDERS OF PREPUCE,char,3,0.0073,,REVIEW,0,CONTAINS,KEEP,Contains-rule false positive (OTHER/ANOTHER/N-A substring in a real value),Gerard,2026-09-28
ICD10_Principal_Diagnosis_Desc,"Other disturbances of oral epithelium, including tongue",4F746865722064697374757262616E636573206F66206F72616C206570697468656C69756D2C20696E636C7564696E6720746F6E677565,55,"OTHER DISTURBANCES OF ORAL EPITHELIUM, INCLUDING TONGUE",char,1,0.0024,,REVIEW,0,CONTAINS,KEEP,Contains-rule false positive (OTHER/ANOTHER/N-A substring in a real value),Gerard,2026-09-28
ICD10_Principal_Diagnosis_Desc,Other drug-induced agranulocytosis,4F7468657220647275672D696E647563656420616772616E756C6F6379746F736973,34,OTHER DRUG-INDUCED AGRANULOCYTOSIS,char,1,0.0024,,REVIEW,0,CONTAINS,KEEP,Contains-rule false positive (OTHER/ANOTHER/N-A substring in a real value),Gerard,2026-09-28
ICD10_Principal_Diagnosis_Desc,Other dysphagia,4F7468657220647973706861676961,15,OTHER DYSPHAGIA,char,3,0.0073,,REVIEW,0,CONTAINS,KEEP,Contains-rule false positive (OTHER/ANOTHER/N-A substring in a real value),Gerard,2026-09-28
ICD10_Principal_Diagnosis_Desc,Other emphysema,4F7468657220656D70687973656D61,15,OTHER EMPHYSEMA,char,1,0.0024,,REVIEW,0,CONTAINS,KEEP,Contains-rule false positive (OTHER/ANOTHER/N-A substring in a real value),Gerard,2026-09-28
ICD10_Principal_Diagnosis_Desc,Other enthesopathy of right foot and ankle,4F7468657220656E746865736F7061746879206F6620726967687420666F6F7420616E6420616E6B6C65,42,OTHER ENTHESOPATHY OF RIGHT FOOT AND ANKLE,char,1,0.0024,,REVIEW,0,CONTAINS,KEEP,Contains-rule false positive (OTHER/ANOTHER/N-A substring in a real value),Gerard,2026-09-28
ICD10_Principal_Diagnosis_Desc,Other esophagitis,4F746865722065736F7068616769746973,17,OTHER ESOPHAGITIS,char,2,0.0049,,REVIEW,0,CONTAINS,KEEP,Contains-rule false positive (OTHER/ANOTHER/N-A substring in a real value),Gerard,2026-09-28
ICD10_Principal_Diagnosis_Desc,Other fatigue,4F746865722066617469677565,13,OTHER FATIGUE,char,1,0.0024,,REVIEW,0,CONTAINS,KEEP,Contains-rule false positive (OTHER/ANOTHER/N-A substring in a real value),Gerard,2026-09-28
ICD10_Principal_Diagnosis_Desc,Other fecal abnormalities,4F7468657220666563616C2061626E6F726D616C6974696573,25,OTHER FECAL ABNORMALITIES,char,54,0.1312,,REVIEW,0,CONTAINS,KEEP,Contains-rule false positive (OTHER/ANOTHER/N-A substring in a real value),Gerard,2026-09-28
ICD10_Principal_Diagnosis_Desc,Other female genital prolapse,4F746865722066656D616C652067656E6974616C2070726F6C61707365,29,OTHER FEMALE GENITAL PROLAPSE,char,9,0.0219,,REVIEW,0,CONTAINS,KEEP,Contains-rule false positive (OTHER/ANOTHER/N-A substring in a real value),Gerard,2026-09-28
ICD10_Principal_Diagnosis_Desc,Other female intestinal-genital tract fistulae,4F746865722066656D616C6520696E74657374696E616C2D67656E6974616C2074726163742066697374756C6165,46,OTHER FEMALE INTESTINAL-GENITAL TRACT FISTULAE,char,2,0.0049,,REVIEW,0,CONTAINS,KEEP,Contains-rule false positive (OTHER/ANOTHER/N-A substring in a real value),Gerard,2026-09-28
ICD10_Principal_Diagnosis_Desc,Other female urinary-genital tract fistulae,4F746865722066656D616C65207572696E6172792D67656E6974616C2074726163742066697374756C6165,43,OTHER FEMALE URINARY-GENITAL TRACT FISTULAE,char,1,0.0024,,REVIEW,0,CONTAINS,KEEP,Contains-rule false positive (OTHER/ANOTHER/N-A substring in a real value),Gerard,2026-09-28
ICD10_Principal_Diagnosis_Desc,Other follicular cysts of the skin and subcutaneous tissue,4F7468657220666F6C6C6963756C6172206379737473206F662074686520736B696E20616E6420737562637574616E656F757320746973737565,58,OTHER FOLLICULAR CYSTS OF THE SKIN AND SUBCUTANEOUS TISSUE,char,1,0.0024,,REVIEW,0,CONTAINS,KEEP,Contains-rule false positive (OTHER/ANOTHER/N-A substring in a real value),Gerard,2026-09-28
ICD10_Principal_Diagnosis_Desc,"Other forms of scoliosis, lumbar region",4F7468657220666F726D73206F662073636F6C696F7369732C206C756D62617220726567696F6E,39,"OTHER FORMS OF SCOLIOSIS, LUMBAR REGION",char,11,0.0267,,REVIEW,0,CONTAINS,KEEP,Contains-rule false positive (OTHER/ANOTHER/N-A substring in a real value),Gerard,2026-09-28
ICD10_Principal_Diagnosis_Desc,"Other forms of scoliosis, thoracolumbar region",4F7468657220666F726D73206F662073636F6C696F7369732C2074686F7261636F6C756D62617220726567696F6E,46,"OTHER FORMS OF SCOLIOSIS, THORACOLUMBAR REGION",char,6,0.0146,,REVIEW,0,CONTAINS,KEEP,Contains-rule false positive (OTHER/ANOTHER/N-A substring in a real value),Gerard,2026-09-28
ICD10_Principal_Diagnosis_Desc,Other giant cell arteritis,4F74686572206769616E742063656C6C20617274657269746973,26,OTHER GIANT CELL ARTERITIS,char,2,0.0049,,REVIEW,0,CONTAINS,KEEP,Contains-rule false positive (OTHER/ANOTHER/N-A substring in a real value),Gerard,2026-09-28
ICD10_Principal_Diagnosis_Desc,"Other hammer toe(s) (acquired), left foot",4F746865722068616D6D657220746F6528732920286163717569726564292C206C65667420666F6F74,41,"OTHER HAMMER TOE(S) (ACQUIRED), LEFT FOOT",char,3,0.0073,,REVIEW,0,CONTAINS,KEEP,Contains-rule false positive (OTHER/ANOTHER/N-A substring in a real value),Gerard,2026-09-28
ICD10_Principal_Diagnosis_Desc,"Other hammer toe(s) (acquired), right foot",4F746865722068616D6D657220746F6528732920286163717569726564292C20726967687420666F6F74,42,"OTHER HAMMER TOE(S) (ACQUIRED), RIGHT FOOT",char,1,0.0024,,REVIEW,0,CONTAINS,KEEP,Contains-rule false positive (OTHER/ANOTHER/N-A substring in a real value),Gerard,2026-09-28
ICD10_Principal_Diagnosis_Desc,Other hemorrhoids,4F746865722068656D6F7272686F696473,17,OTHER HEMORRHOIDS,char,9,0.0219,,REVIEW,0,CONTAINS,KEEP,Contains-rule false positive (OTHER/ANOTHER/N-A substring in a real value),Gerard,2026-09-28
ICD10_Principal_Diagnosis_Desc,Other hydronephrosis,4F7468657220687964726F6E657068726F736973,20,OTHER HYDRONEPHROSIS,char,1,0.0024,,REVIEW,0,CONTAINS,KEEP,Contains-rule false positive (OTHER/ANOTHER/N-A substring in a real value),Gerard,2026-09-28
ICD10_Principal_Diagnosis_Desc,Other hyperparathyroidism,4F7468657220687970657270617261746879726F696469736D,25,OTHER HYPERPARATHYROIDISM,char,1,0.0024,,REVIEW,0,CONTAINS,KEEP,Contains-rule false positive (OTHER/ANOTHER/N-A substring in a real value),Gerard,2026-09-28
ICD10_Principal_Diagnosis_Desc,"Other idiopathic scoliosis, lumbar region",4F74686572206964696F7061746869632073636F6C696F7369732C206C756D62617220726567696F6E,41,"OTHER IDIOPATHIC SCOLIOSIS, LUMBAR REGION",char,2,0.0049,,REVIEW,0,CONTAINS,KEEP,Contains-rule false positive (OTHER/ANOTHER/N-A substring in a real value),Gerard,2026-09-28
ICD10_Principal_Diagnosis_Desc,"Other intervertebral disc degeneration, lumbar region",4F7468657220696E74657276657274656272616C206469736320646567656E65726174696F6E2C206C756D62617220726567696F6E,53,"OTHER INTERVERTEBRAL DISC DEGENERATION, LUMBAR REGION",char,3,0.0073,,REVIEW,0,CONTAINS,KEEP,Contains-rule false positive (OTHER/ANOTHER/N-A substring in a real value),Gerard,2026-09-28
ICD10_Principal_Diagnosis_Desc,"Other intervertebral disc degeneration, lumbosacral region",4F7468657220696E74657276657274656272616C206469736320646567656E65726174696F6E2C206C756D626F73616372616C20726567696F6E,58,"OTHER INTERVERTEBRAL DISC DEGENERATION, LUMBOSACRAL REGION",char,1,0.0024,,REVIEW,0,CONTAINS,KEEP,Contains-rule false positive (OTHER/ANOTHER/N-A substring in a real value),Gerard,2026-09-28
ICD10_Principal_Diagnosis_Desc,"Other intervertebral disc displacement, lumbar region",4F7468657220696E74657276657274656272616C206469736320646973706C6163656D656E742C206C756D62617220726567696F6E,53,"OTHER INTERVERTEBRAL DISC DISPLACEMENT, LUMBAR REGION",char,17,0.0413,,REVIEW,0,CONTAINS,KEEP,Contains-rule false positive (OTHER/ANOTHER/N-A substring in a real value),Gerard,2026-09-28
ICD10_Principal_Diagnosis_Desc,"Other intervertebral disc displacement, lumbosacral region",4F7468657220696E74657276657274656272616C206469736320646973706C6163656D656E742C206C756D626F73616372616C20726567696F6E,58,"OTHER INTERVERTEBRAL DISC DISPLACEMENT, LUMBOSACRAL REGION",char,1,0.0024,,REVIEW,0,CONTAINS,KEEP,Contains-rule false positive (OTHER/ANOTHER/N-A substring in a real value),Gerard,2026-09-28
ICD10_Principal_Diagnosis_Desc,Other intestnl obst unsp as to partial versus complete obst,4F7468657220696E746573746E6C206F62737420756E737020617320746F207061727469616C2076657273757320636F6D706C657465206F627374,59,OTHER INTESTNL OBST UNSP AS TO PARTIAL VERSUS COMPLETE OBST,char,5,0.0122,,REVIEW,0,CONTAINS,KEEP,Contains-rule false positive (OTHER/ANOTHER/N-A substring in a real value),Gerard,2026-09-28
ICD10_Principal_Diagnosis_Desc,"Other intra-abdominal and pelvic swelling, mass and lump",4F7468657220696E7472612D6162646F6D696E616C20616E642070656C766963207377656C6C696E672C206D61737320616E64206C756D70,56,"OTHER INTRA-ABDOMINAL AND PELVIC SWELLING, MASS AND LUMP",char,5,0.0122,,REVIEW,0,CONTAINS,KEEP,Contains-rule false positive (OTHER/ANOTHER/N-A substring in a real value),Gerard,2026-09-28
ICD10_Principal_Diagnosis_Desc,Other iron deficiency anemias,4F746865722069726F6E20646566696369656E637920616E656D696173,29,OTHER IRON DEFICIENCY ANEMIAS,char,1,0.0024,,REVIEW,0,CONTAINS,KEEP,Contains-rule false positive (OTHER/ANOTHER/N-A substring in a real value),Gerard,2026-09-28
ICD10_Principal_Diagnosis_Desc,Other ischiorectal abscess,4F746865722069736368696F72656374616C2061627363657373,26,OTHER ISCHIORECTAL ABSCESS,char,1,0.0024,,REVIEW,0,CONTAINS,KEEP,Contains-rule false positive (OTHER/ANOTHER/N-A substring in a real value),Gerard,2026-09-28
ICD10_Principal_Diagnosis_Desc,Other keratitis,4F74686572206B6572617469746973,15,OTHER KERATITIS,char,1,0.0024,,REVIEW,0,CONTAINS,KEEP,Contains-rule false positive (OTHER/ANOTHER/N-A substring in a real value),Gerard,2026-09-28
ICD10_Principal_Diagnosis_Desc,"Other kyphosis, cervical region",4F74686572206B7970686F7369732C20636572766963616C20726567696F6E,31,"OTHER KYPHOSIS, CERVICAL REGION",char,1,0.0024,,REVIEW,0,CONTAINS,KEEP,Contains-rule false positive (OTHER/ANOTHER/N-A substring in a real value),Gerard,2026-09-28
ICD10_Principal_Diagnosis_Desc,"Other kyphosis, thoracic region",4F74686572206B7970686F7369732C2074686F726163696320726567696F6E,31,"OTHER KYPHOSIS, THORACIC REGION",char,1,0.0024,,REVIEW,0,CONTAINS,KEEP,Contains-rule false positive (OTHER/ANOTHER/N-A substring in a real value),Gerard,2026-09-28
ICD10_Principal_Diagnosis_Desc,"Other kyphosis, thoracolumbar region",4F74686572206B7970686F7369732C2074686F7261636F6C756D62617220726567696F6E,36,"OTHER KYPHOSIS, THORACOLUMBAR REGION",char,3,0.0073,,REVIEW,0,CONTAINS,KEEP,Contains-rule false positive (OTHER/ANOTHER/N-A substring in a real value),Gerard,2026-09-28
ICD10_Principal_Diagnosis_Desc,Other lesions of oral mucosa,4F74686572206C6573696F6E73206F66206F72616C206D75636F7361,28,OTHER LESIONS OF ORAL MUCOSA,char,7,0.0170,,REVIEW,0,CONTAINS,KEEP,Contains-rule false positive (OTHER/ANOTHER/N-A substring in a real value),Gerard,2026-09-28
ICD10_Principal_Diagnosis_Desc,"Other localized visual field defect, bilateral",4F74686572206C6F63616C697A65642076697375616C206669656C64206465666563742C2062696C61746572616C,46,"OTHER LOCALIZED VISUAL FIELD DEFECT, BILATERAL",char,1,0.0024,,REVIEW,0,CONTAINS,KEEP,Contains-rule false positive (OTHER/ANOTHER/N-A substring in a real value),Gerard,2026-09-28
ICD10_Principal_Diagnosis_Desc,Other male erectile dysfunction,4F74686572206D616C65206572656374696C652064797366756E6374696F6E,31,OTHER MALE ERECTILE DYSFUNCTION,char,2,0.0049,,REVIEW,0,CONTAINS,KEEP,Contains-rule false positive (OTHER/ANOTHER/N-A substring in a real value),Gerard,2026-09-28
ICD10_Principal_Diagnosis_Desc,Other malformations of cerebral vessels,4F74686572206D616C666F726D6174696F6E73206F6620636572656272616C2076657373656C73,39,OTHER MALFORMATIONS OF CEREBRAL VESSELS,char,1,0.0024,,REVIEW,0,CONTAINS,KEEP,Contains-rule false positive (OTHER/ANOTHER/N-A substring in a real value),Gerard,2026-09-28
ICD10_Principal_Diagnosis_Desc,Other malignant neuroendocrine tumors,4F74686572206D616C69676E616E74206E6575726F656E646F6372696E652074756D6F7273,37,OTHER MALIGNANT NEUROENDOCRINE TUMORS,char,15,0.0365,,REVIEW,0,CONTAINS,KEEP,Contains-rule false positive (OTHER/ANOTHER/N-A substring in a real value),Gerard,2026-09-28
ICD10_Principal_Diagnosis_Desc,Other melanin hyperpigmentation,4F74686572206D656C616E696E2068797065727069676D656E746174696F6E,31,OTHER MELANIN HYPERPIGMENTATION,char,1,0.0024,,REVIEW,0,CONTAINS,KEEP,Contains-rule false positive (OTHER/ANOTHER/N-A substring in a real value),Gerard,2026-09-28
ICD10_Principal_Diagnosis_Desc,Other microscopic hematuria,4F74686572206D6963726F73636F7069632068656D617475726961,27,OTHER MICROSCOPIC HEMATURIA,char,3,0.0073,,REVIEW,0,CONTAINS,KEEP,Contains-rule false positive (OTHER/ANOTHER/N-A substring in a real value),Gerard,2026-09-28
ICD10_Principal_Diagnosis_Desc,Other muscle spasm,4F74686572206D7573636C6520737061736D,18,OTHER MUSCLE SPASM,char,1,0.0024,,REVIEW,0,CONTAINS,KEEP,Contains-rule false positive (OTHER/ANOTHER/N-A substring in a real value),Gerard,2026-09-28
ICD10_Principal_Diagnosis_Desc,"Other myositis, left upper arm",4F74686572206D796F73697469732C206C6566742075707065722061726D,30,"OTHER MYOSITIS, LEFT UPPER ARM",char,1,0.0024,,REVIEW,0,CONTAINS,KEEP,Contains-rule false positive (OTHER/ANOTHER/N-A substring in a real value),Gerard,2026-09-28
ICD10_Principal_Diagnosis_Desc,Other nail disorders,4F74686572206E61696C206469736F7264657273,20,OTHER NAIL DISORDERS,char,1,0.0024,,REVIEW,0,CONTAINS,KEEP,Contains-rule false positive (OTHER/ANOTHER/N-A substring in a real value),Gerard,2026-09-28
ICD10_Principal_Diagnosis_Desc,Other nonspecific abnormal finding of lung field,4F74686572206E6F6E73706563696669632061626E6F726D616C2066696E64696E67206F66206C756E67206669656C64,48,OTHER NONSPECIFIC ABNORMAL FINDING OF LUNG FIELD,char,8,0.0194,,REVIEW,0,CONTAINS,KEEP,Contains-rule false positive (OTHER/ANOTHER/N-A substring in a real value),Gerard,2026-09-28
ICD10_Principal_Diagnosis_Desc,Other nontraumatic subarachnoid hemorrhage,4F74686572206E6F6E747261756D617469632073756261726163686E6F69642068656D6F727268616765,42,OTHER NONTRAUMATIC SUBARACHNOID HEMORRHAGE,char,1,0.0024,,REVIEW,0,CONTAINS,KEEP,Contains-rule false positive (OTHER/ANOTHER/N-A substring in a real value),Gerard,2026-09-28
ICD10_Principal_Diagnosis_Desc,Other obstructive and reflux uropathy,4F74686572206F6273747275637469766520616E64207265666C75782075726F7061746879,37,OTHER OBSTRUCTIVE AND REFLUX UROPATHY,char,9,0.0219,,REVIEW,0,CONTAINS,KEEP,Contains-rule false positive (OTHER/ANOTHER/N-A substring in a real value),Gerard,2026-09-28
ICD10_Principal_Diagnosis_Desc,Other optic neuritis,4F74686572206F70746963206E65757269746973,20,OTHER OPTIC NEURITIS,char,1,0.0024,,REVIEW,0,CONTAINS,KEEP,Contains-rule false positive (OTHER/ANOTHER/N-A substring in a real value),Gerard,2026-09-28
ICD10_Principal_Diagnosis_Desc,"Other osteomyelitis, other site",4F74686572206F7374656F6D79656C697469732C206F746865722073697465,31,"OTHER OSTEOMYELITIS, OTHER SITE",char,1,0.0024,,REVIEW,0,CONTAINS,KEEP,Contains-rule false positive (OTHER/ANOTHER/N-A substring in a real value),Gerard,2026-09-28
ICD10_Principal_Diagnosis_Desc,"Other osteonecrosis, left femur",4F74686572206F7374656F6E6563726F7369732C206C6566742066656D7572,31,"OTHER OSTEONECROSIS, LEFT FEMUR",char,7,0.0170,,REVIEW,0,CONTAINS,KEEP,Contains-rule false positive (OTHER/ANOTHER/N-A substring in a real value),Gerard,2026-09-28
ICD10_Principal_Diagnosis_Desc,"Other osteonecrosis, left humerus",4F74686572206F7374656F6E6563726F7369732C206C6566742068756D65727573,33,"OTHER OSTEONECROSIS, LEFT HUMERUS",char,1,0.0024,,REVIEW,0,CONTAINS,KEEP,Contains-rule false positive (OTHER/ANOTHER/N-A substring in a real value),Gerard,2026-09-28
ICD10_Principal_Diagnosis_Desc,"Other osteonecrosis, other site",4F74686572206F7374656F6E6563726F7369732C206F746865722073697465,31,"OTHER OSTEONECROSIS, OTHER SITE",char,1,0.0024,,REVIEW,0,CONTAINS,KEEP,Contains-rule false positive (OTHER/ANOTHER/N-A substring in a real value),Gerard,2026-09-28
ICD10_Principal_Diagnosis_Desc,"Other osteonecrosis, right femur",4F74686572206F7374656F6E6563726F7369732C2072696768742066656D7572,32,"OTHER OSTEONECROSIS, RIGHT FEMUR",char,4,0.0097,,REVIEW,0,CONTAINS,KEEP,Contains-rule false positive (OTHER/ANOTHER/N-A substring in a real value),Gerard,2026-09-28
ICD10_Principal_Diagnosis_Desc,"Other ovarian cyst, left side",4F74686572206F76617269616E20637973742C206C6566742073696465,29,"OTHER OVARIAN CYST, LEFT SIDE",char,1,0.0024,,REVIEW,0,CONTAINS,KEEP,Contains-rule false positive (OTHER/ANOTHER/N-A substring in a real value),Gerard,2026-09-28
ICD10_Principal_Diagnosis_Desc,Other periodontal diseases,4F7468657220706572696F646F6E74616C206469736561736573,26,OTHER PERIODONTAL DISEASES,char,1,0.0024,,REVIEW,0,CONTAINS,KEEP,Contains-rule false positive (OTHER/ANOTHER/N-A substring in a real value),Gerard,2026-09-28
ICD10_Principal_Diagnosis_Desc,Other persistent atrial fibrillation,4F746865722070657273697374656E742061747269616C2066696272696C6C6174696F6E,36,OTHER PERSISTENT ATRIAL FIBRILLATION,char,48,0.1166,,REVIEW,0,CONTAINS,KEEP,Contains-rule false positive (OTHER/ANOTHER/N-A substring in a real value),Gerard,2026-09-28
ICD10_Principal_Diagnosis_Desc,Other polyp of sinus,4F7468657220706F6C7970206F662073696E7573,20,OTHER POLYP OF SINUS,char,1,0.0024,,REVIEW,0,CONTAINS,KEEP,Contains-rule false positive (OTHER/ANOTHER/N-A substring in a real value),Gerard,2026-09-28
ICD10_Principal_Diagnosis_Desc,Other postherpetic nervous system involvement,4F7468657220706F73746865727065746963206E6572766F75732073797374656D20696E766F6C76656D656E74,45,OTHER POSTHERPETIC NERVOUS SYSTEM INVOLVEMENT,char,1,0.0024,,REVIEW,0,CONTAINS,KEEP,Contains-rule false positive (OTHER/ANOTHER/N-A substring in a real value),Gerard,2026-09-28
ICD10_Principal_Diagnosis_Desc,Other primary hyperaldosteronism,4F74686572207072696D617279206879706572616C646F737465726F6E69736D,32,OTHER PRIMARY HYPERALDOSTERONISM,char,2,0.0049,,REVIEW,0,CONTAINS,KEEP,Contains-rule false positive (OTHER/ANOTHER/N-A substring in a real value),Gerard,2026-09-28
ICD10_Principal_Diagnosis_Desc,Other retention of urine,4F7468657220726574656E74696F6E206F66207572696E65,24,OTHER RETENTION OF URINE,char,7,0.0170,,REVIEW,0,CONTAINS,KEEP,Contains-rule false positive (OTHER/ANOTHER/N-A substring in a real value),Gerard,2026-09-28
ICD10_Principal_Diagnosis_Desc,Other rheumatic multiple valve diseases,4F7468657220726865756D61746963206D756C7469706C652076616C7665206469736561736573,39,OTHER RHEUMATIC MULTIPLE VALVE DISEASES,char,1,0.0024,,REVIEW,0,CONTAINS,KEEP,Contains-rule false positive (OTHER/ANOTHER/N-A substring in a real value),Gerard,2026-09-28
ICD10_Principal_Diagnosis_Desc,"Other scleritis, right eye",4F746865722073636C6572697469732C20726967687420657965,26,"OTHER SCLERITIS, RIGHT EYE",char,1,0.0024,,REVIEW,0,CONTAINS,KEEP,Contains-rule false positive (OTHER/ANOTHER/N-A substring in a real value),Gerard,2026-09-28
ICD10_Principal_Diagnosis_Desc,Other seborrheic keratosis,4F74686572207365626F727268656963206B657261746F736973,26,OTHER SEBORRHEIC KERATOSIS,char,1,0.0024,,REVIEW,0,CONTAINS,KEEP,Contains-rule false positive (OTHER/ANOTHER/N-A substring in a real value),Gerard,2026-09-28
ICD10_Principal_Diagnosis_Desc,"Other secondary cataract, left eye",4F74686572207365636F6E646172792063617461726163742C206C65667420657965,34,"OTHER SECONDARY CATARACT, LEFT EYE",char,1,0.0024,,REVIEW,0,CONTAINS,KEEP,Contains-rule false positive (OTHER/ANOTHER/N-A substring in a real value),Gerard,2026-09-28
ICD10_Principal_Diagnosis_Desc,Other secondary neuroendocrine tumors,4F74686572207365636F6E64617279206E6575726F656E646F6372696E652074756D6F7273,37,OTHER SECONDARY NEUROENDOCRINE TUMORS,char,1,0.0024,,REVIEW,0,CONTAINS,KEEP,Contains-rule false positive (OTHER/ANOTHER/N-A substring in a real value),Gerard,2026-09-28
ICD10_Principal_Diagnosis_Desc,"Other secondary osteonecrosis, left femur",4F74686572207365636F6E64617279206F7374656F6E6563726F7369732C206C6566742066656D7572,41,"OTHER SECONDARY OSTEONECROSIS, LEFT FEMUR",char,1,0.0024,,REVIEW,0,CONTAINS,KEEP,Contains-rule false positive (OTHER/ANOTHER/N-A substring in a real value),Gerard,2026-09-28
ICD10_Principal_Diagnosis_Desc,"Other secondary osteonecrosis, other site",4F74686572207365636F6E64617279206F7374656F6E6563726F7369732C206F746865722073697465,41,"OTHER SECONDARY OSTEONECROSIS, OTHER SITE",char,3,0.0073,,REVIEW,0,CONTAINS,KEEP,Contains-rule false positive (OTHER/ANOTHER/N-A substring in a real value),Gerard,2026-09-28
ICD10_Principal_Diagnosis_Desc,"Other secondary osteonecrosis, unspecified bone",4F74686572207365636F6E64617279206F7374656F6E6563726F7369732C20756E73706563696669656420626F6E65,47,"OTHER SECONDARY OSTEONECROSIS, UNSPECIFIED BONE",char,1,0.0024,,REVIEW,0,CONTAINS,KEEP,Contains-rule false positive (OTHER/ANOTHER/N-A substring in a real value),Gerard,2026-09-28
ICD10_Principal_Diagnosis_Desc,"Other secondary scoliosis, lumbar region",4F74686572207365636F6E646172792073636F6C696F7369732C206C756D62617220726567696F6E,40,"OTHER SECONDARY SCOLIOSIS, LUMBAR REGION",char,8,0.0194,,REVIEW,0,CONTAINS,KEEP,Contains-rule false positive (OTHER/ANOTHER/N-A substring in a real value),Gerard,2026-09-28
ICD10_Principal_Diagnosis_Desc,"Other secondary scoliosis, lumbosacral region",4F74686572207365636F6E646172792073636F6C696F7369732C206C756D626F73616372616C20726567696F6E,45,"OTHER SECONDARY SCOLIOSIS, LUMBOSACRAL REGION",char,3,0.0073,,REVIEW,0,CONTAINS,KEEP,Contains-rule false positive (OTHER/ANOTHER/N-A substring in a real value),Gerard,2026-09-28
ICD10_Principal_Diagnosis_Desc,Other somatoform disorders,4F7468657220736F6D61746F666F726D206469736F7264657273,26,OTHER SOMATOFORM DISORDERS,char,1,0.0024,,REVIEW,0,CONTAINS,KEEP,Contains-rule false positive (OTHER/ANOTHER/N-A substring in a real value),Gerard,2026-09-28
ICD10_Principal_Diagnosis_Desc,Other specified abnormal findings of blood chemistry,4F74686572207370656369666965642061626E6F726D616C2066696E64696E6773206F6620626C6F6F64206368656D6973747279,52,OTHER SPECIFIED ABNORMAL FINDINGS OF BLOOD CHEMISTRY,char,2,0.0049,,REVIEW,0,CONTAINS,KEEP,Contains-rule false positive (OTHER/ANOTHER/N-A substring in a real value),Gerard,2026-09-28
ICD10_Principal_Diagnosis_Desc,"Other specified arthritis, right shoulder",4F7468657220737065636966696564206172746872697469732C2072696768742073686F756C646572,41,"OTHER SPECIFIED ARTHRITIS, RIGHT SHOULDER",char,2,0.0049,,REVIEW,0,CONTAINS,KEEP,Contains-rule false positive (OTHER/ANOTHER/N-A substring in a real value),Gerard,2026-09-28
ICD10_Principal_Diagnosis_Desc,Other specified carcinomas of liver,4F74686572207370656369666965642063617263696E6F6D6173206F66206C69766572,35,OTHER SPECIFIED CARCINOMAS OF LIVER,char,1,0.0024,,REVIEW,0,CONTAINS,KEEP,Contains-rule false positive (OTHER/ANOTHER/N-A substring in a real value),Gerard,2026-09-28
ICD10_Principal_Diagnosis_Desc,Other specified cataract,4F7468657220737065636966696564206361746172616374,24,OTHER SPECIFIED CATARACT,char,4,0.0097,,REVIEW,0,CONTAINS,KEEP,Contains-rule false positive (OTHER/ANOTHER/N-A substring in a real value),Gerard,2026-09-28
ICD10_Principal_Diagnosis_Desc,Other specified congenital malformations of spinal cord,4F746865722073706563696669656420636F6E67656E6974616C206D616C666F726D6174696F6E73206F66207370696E616C20636F7264,55,OTHER SPECIFIED CONGENITAL MALFORMATIONS OF SPINAL CORD,char,1,0.0024,,REVIEW,0,CONTAINS,KEEP,Contains-rule false positive (OTHER/ANOTHER/N-A substring in a real value),Gerard,2026-09-28
ICD10_Principal_Diagnosis_Desc,Other specified degenerative diseases of nervous system,4F746865722073706563696669656420646567656E65726174697665206469736561736573206F66206E6572766F75732073797374656D,55,OTHER SPECIFIED DEGENERATIVE DISEASES OF NERVOUS SYSTEM,char,1,0.0024,,REVIEW,0,CONTAINS,KEEP,Contains-rule false positive (OTHER/ANOTHER/N-A substring in a real value),Gerard,2026-09-28
ICD10_Principal_Diagnosis_Desc,Other specified diseases of anus and rectum,4F7468657220737065636966696564206469736561736573206F6620616E757320616E642072656374756D,43,OTHER SPECIFIED DISEASES OF ANUS AND RECTUM,char,11,0.0267,,REVIEW,0,CONTAINS,KEEP,Contains-rule false positive (OTHER/ANOTHER/N-A substring in a real value),Gerard,2026-09-28
ICD10_Principal_Diagnosis_Desc,Other specified diseases of appendix,4F7468657220737065636966696564206469736561736573206F6620617070656E646978,36,OTHER SPECIFIED DISEASES OF APPENDIX,char,1,0.0024,,REVIEW,0,CONTAINS,KEEP,Contains-rule false positive (OTHER/ANOTHER/N-A substring in a real value),Gerard,2026-09-28
ICD10_Principal_Diagnosis_Desc,Other specified diseases of biliary tract,4F7468657220737065636966696564206469736561736573206F662062696C69617279207472616374,41,OTHER SPECIFIED DISEASES OF BILIARY TRACT,char,26,0.0632,,REVIEW,0,CONTAINS,KEEP,Contains-rule false positive (OTHER/ANOTHER/N-A substring in a real value),Gerard,2026-09-28
ICD10_Principal_Diagnosis_Desc,Other specified diseases of esophagus,4F7468657220737065636966696564206469736561736573206F662065736F706861677573,37,OTHER SPECIFIED DISEASES OF ESOPHAGUS,char,7,0.0170,,REVIEW,0,CONTAINS,KEEP,Contains-rule false positive (OTHER/ANOTHER/N-A substring in a real value),Gerard,2026-09-28
ICD10_Principal_Diagnosis_Desc,Other specified diseases of gallbladder,4F7468657220737065636966696564206469736561736573206F662067616C6C626C6164646572,39,OTHER SPECIFIED DISEASES OF GALLBLADDER,char,2,0.0049,,REVIEW,0,CONTAINS,KEEP,Contains-rule false positive (OTHER/ANOTHER/N-A substring in a real value),Gerard,2026-09-28
ICD10_Principal_Diagnosis_Desc,Other specified diseases of intestine,4F7468657220737065636966696564206469736561736573206F6620696E74657374696E65,37,OTHER SPECIFIED DISEASES OF INTESTINE,char,6,0.0146,,REVIEW,0,CONTAINS,KEEP,Contains-rule false positive (OTHER/ANOTHER/N-A substring in a real value),Gerard,2026-09-28
ICD10_Principal_Diagnosis_Desc,Other specified diseases of left inner ear,4F7468657220737065636966696564206469736561736573206F66206C65667420696E6E657220656172,42,OTHER SPECIFIED DISEASES OF LEFT INNER EAR,char,2,0.0049,,REVIEW,0,CONTAINS,KEEP,Contains-rule false positive (OTHER/ANOTHER/N-A substring in a real value),Gerard,2026-09-28
ICD10_Principal_Diagnosis_Desc,Other specified diseases of liver,4F7468657220737065636966696564206469736561736573206F66206C69766572,33,OTHER SPECIFIED DISEASES OF LIVER,char,10,0.0243,,REVIEW,0,CONTAINS,KEEP,Contains-rule false positive (OTHER/ANOTHER/N-A substring in a real value),Gerard,2026-09-28
ICD10_Principal_Diagnosis_Desc,Other specified diseases of pancreas,4F7468657220737065636966696564206469736561736573206F662070616E6372656173,36,OTHER SPECIFIED DISEASES OF PANCREAS,char,34,0.0826,,REVIEW,0,CONTAINS,KEEP,Contains-rule false positive (OTHER/ANOTHER/N-A substring in a real value),Gerard,2026-09-28
ICD10_Principal_Diagnosis_Desc,Other specified diseases of spinal cord,4F7468657220737065636966696564206469736561736573206F66207370696E616C20636F7264,39,OTHER SPECIFIED DISEASES OF SPINAL CORD,char,1,0.0024,,REVIEW,0,CONTAINS,KEEP,Contains-rule false positive (OTHER/ANOTHER/N-A substring in a real value),Gerard,2026-09-28
ICD10_Principal_Diagnosis_Desc,Other specified diseases of upper respiratory tract,4F7468657220737065636966696564206469736561736573206F662075707065722072657370697261746F7279207472616374,51,OTHER SPECIFIED DISEASES OF UPPER RESPIRATORY TRACT,char,7,0.0170,,REVIEW,0,CONTAINS,KEEP,Contains-rule false positive (OTHER/ANOTHER/N-A substring in a real value),Gerard,2026-09-28
ICD10_Principal_Diagnosis_Desc,"Other specified disorders of Eustachian tube, bilateral",4F7468657220737065636966696564206469736F7264657273206F66204575737461636869616E20747562652C2062696C61746572616C,55,"OTHER SPECIFIED DISORDERS OF EUSTACHIAN TUBE, BILATERAL",char,1,0.0024,,REVIEW,0,CONTAINS,KEEP,Contains-rule false positive (OTHER/ANOTHER/N-A substring in a real value),Gerard,2026-09-28
ICD10_Principal_Diagnosis_Desc,"Other specified disorders of Eustachian tube, left ear",4F7468657220737065636966696564206469736F7264657273206F66204575737461636869616E20747562652C206C65667420656172,54,"OTHER SPECIFIED DISORDERS OF EUSTACHIAN TUBE, LEFT EAR",char,2,0.0049,,REVIEW,0,CONTAINS,KEEP,Contains-rule false positive (OTHER/ANOTHER/N-A substring in a real value),Gerard,2026-09-28
ICD10_Principal_Diagnosis_Desc,"Other specified disorders of Eustachian tube, right ear",4F7468657220737065636966696564206469736F7264657273206F66204575737461636869616E20747562652C20726967687420656172,55,"OTHER SPECIFIED DISORDERS OF EUSTACHIAN TUBE, RIGHT EAR",char,1,0.0024,,REVIEW,0,CONTAINS,KEEP,Contains-rule false positive (OTHER/ANOTHER/N-A substring in a real value),Gerard,2026-09-28
ICD10_Principal_Diagnosis_Desc,Other specified disorders of bladder,4F7468657220737065636966696564206469736F7264657273206F6620626C6164646572,36,OTHER SPECIFIED DISORDERS OF BLADDER,char,22,0.0535,,REVIEW,0,CONTAINS,KEEP,Contains-rule false positive (OTHER/ANOTHER/N-A substring in a real value),Gerard,2026-09-28
ICD10_Principal_Diagnosis_Desc,"Other specified disorders of bone, lower leg",4F7468657220737065636966696564206469736F7264657273206F6620626F6E652C206C6F776572206C6567,44,"OTHER SPECIFIED DISORDERS OF BONE, LOWER LEG",char,1,0.0024,,REVIEW,0,CONTAINS,KEEP,Contains-rule false positive (OTHER/ANOTHER/N-A substring in a real value),Gerard,2026-09-28
ICD10_Principal_Diagnosis_Desc,"Other specified disorders of bone, other site",4F7468657220737065636966696564206469736F7264657273206F6620626F6E652C206F746865722073697465,45,"OTHER SPECIFIED DISORDERS OF BONE, OTHER SITE",char,1,0.0024,,REVIEW,0,CONTAINS,KEEP,Contains-rule false positive (OTHER/ANOTHER/N-A substring in a real value),Gerard,2026-09-28
ICD10_Principal_Diagnosis_Desc,Other specified disorders of brain,4F7468657220737065636966696564206469736F7264657273206F6620627261696E,34,OTHER SPECIFIED DISORDERS OF BRAIN,char,4,0.0097,,REVIEW,0,CONTAINS,KEEP,Contains-rule false positive (OTHER/ANOTHER/N-A substring in a real value),Gerard,2026-09-28
ICD10_Principal_Diagnosis_Desc,Other specified disorders of breast,4F7468657220737065636966696564206469736F7264657273206F6620627265617374,35,OTHER SPECIFIED DISORDERS OF BREAST,char,1,0.0024,,REVIEW,0,CONTAINS,KEEP,Contains-rule false positive (OTHER/ANOTHER/N-A substring in a real value),Gerard,2026-09-28
ICD10_Principal_Diagnosis_Desc,Other specified disorders of central nervous system,4F7468657220737065636966696564206469736F7264657273206F662063656E7472616C206E6572766F75732073797374656D,51,OTHER SPECIFIED DISORDERS OF CENTRAL NERVOUS SYSTEM,char,1,0.0024,,REVIEW,0,CONTAINS,KEEP,Contains-rule false positive (OTHER/ANOTHER/N-A substring in a real value),Gerard,2026-09-28
ICD10_Principal_Diagnosis_Desc,Other specified disorders of choroid,4F7468657220737065636966696564206469736F7264657273206F662063686F726F6964,36,OTHER SPECIFIED DISORDERS OF CHOROID,char,2,0.0049,,REVIEW,0,CONTAINS,KEEP,Contains-rule false positive (OTHER/ANOTHER/N-A substring in a real value),Gerard,2026-09-28
ICD10_Principal_Diagnosis_Desc,Other specified disorders of kidney and ureter,4F7468657220737065636966696564206469736F7264657273206F66206B69646E657920616E6420757265746572,46,OTHER SPECIFIED DISORDERS OF KIDNEY AND URETER,char,27,0.0656,,REVIEW,0,CONTAINS,KEEP,Contains-rule false positive (OTHER/ANOTHER/N-A substring in a real value),Gerard,2026-09-28
ICD10_Principal_Diagnosis_Desc,Other specified disorders of left ear,4F7468657220737065636966696564206469736F7264657273206F66206C65667420656172,37,OTHER SPECIFIED DISORDERS OF LEFT EAR,char,1,0.0024,,REVIEW,0,CONTAINS,KEEP,Contains-rule false positive (OTHER/ANOTHER/N-A substring in a real value),Gerard,2026-09-28
ICD10_Principal_Diagnosis_Desc,Other specified disorders of left external ear,4F7468657220737065636966696564206469736F7264657273206F66206C6566742065787465726E616C20656172,46,OTHER SPECIFIED DISORDERS OF LEFT EXTERNAL EAR,char,1,0.0024,,REVIEW,0,CONTAINS,KEEP,Contains-rule false positive (OTHER/ANOTHER/N-A substring in a real value),Gerard,2026-09-28
ICD10_Principal_Diagnosis_Desc,Other specified disorders of nose and nasal sinuses,4F7468657220737065636966696564206469736F7264657273206F66206E6F736520616E64206E6173616C2073696E75736573,51,OTHER SPECIFIED DISORDERS OF NOSE AND NASAL SINUSES,char,22,0.0535,,REVIEW,0,CONTAINS,KEEP,Contains-rule false positive (OTHER/ANOTHER/N-A substring in a real value),Gerard,2026-09-28
ICD10_Principal_Diagnosis_Desc,Other specified disorders of penis,4F7468657220737065636966696564206469736F7264657273206F662070656E6973,34,OTHER SPECIFIED DISORDERS OF PENIS,char,1,0.0024,,REVIEW,0,CONTAINS,KEEP,Contains-rule false positive (OTHER/ANOTHER/N-A substring in a real value),Gerard,2026-09-28
ICD10_Principal_Diagnosis_Desc,Other specified disorders of prostate,4F7468657220737065636966696564206469736F7264657273206F662070726F7374617465,37,OTHER SPECIFIED DISORDERS OF PROSTATE,char,1,0.0024,,REVIEW,0,CONTAINS,KEEP,Contains-rule false positive (OTHER/ANOTHER/N-A substring in a real value),Gerard,2026-09-28
ICD10_Principal_Diagnosis_Desc,"Other specified disorders of synovium, left knee",4F7468657220737065636966696564206469736F7264657273206F662073796E6F7669756D2C206C656674206B6E6565,48,"OTHER SPECIFIED DISORDERS OF SYNOVIUM, LEFT KNEE",char,1,0.0024,,REVIEW,0,CONTAINS,KEEP,Contains-rule false positive (OTHER/ANOTHER/N-A substring in a real value),Gerard,2026-09-28
ICD10_Principal_Diagnosis_Desc,Other specified disorders of teeth and supporting structures,4F7468657220737065636966696564206469736F7264657273206F6620746565746820616E6420737570706F7274696E672073747275637475726573,60,OTHER SPECIFIED DISORDERS OF TEETH AND SUPPORTING STRUCTURES,char,1,0.0024,,REVIEW,0,CONTAINS,KEEP,Contains-rule false positive (OTHER/ANOTHER/N-A substring in a real value),Gerard,2026-09-28
ICD10_Principal_Diagnosis_Desc,Other specified disorders of temporomandibular joint,4F7468657220737065636966696564206469736F7264657273206F662074656D706F726F6D616E646962756C6172206A6F696E74,52,OTHER SPECIFIED DISORDERS OF TEMPOROMANDIBULAR JOINT,char,2,0.0049,,REVIEW,0,CONTAINS,KEEP,Contains-rule false positive (OTHER/ANOTHER/N-A substring in a real value),Gerard,2026-09-28
ICD10_Principal_Diagnosis_Desc,Other specified disorders of the male genital organs,4F7468657220737065636966696564206469736F7264657273206F6620746865206D616C652067656E6974616C206F7267616E73,52,OTHER SPECIFIED DISORDERS OF THE MALE GENITAL ORGANS,char,2,0.0049,,REVIEW,0,CONTAINS,KEEP,Contains-rule false positive (OTHER/ANOTHER/N-A substring in a real value),Gerard,2026-09-28
ICD10_Principal_Diagnosis_Desc,Other specified disorders of urethra,4F7468657220737065636966696564206469736F7264657273206F662075726574687261,36,OTHER SPECIFIED DISORDERS OF URETHRA,char,2,0.0049,,REVIEW,0,CONTAINS,KEEP,Contains-rule false positive (OTHER/ANOTHER/N-A substring in a real value),Gerard,2026-09-28
ICD10_Principal_Diagnosis_Desc,Other specified follicular disorders,4F746865722073706563696669656420666F6C6C6963756C6172206469736F7264657273,36,OTHER SPECIFIED FOLLICULAR DISORDERS,char,1,0.0024,,REVIEW,0,CONTAINS,KEEP,Contains-rule false positive (OTHER/ANOTHER/N-A substring in a real value),Gerard,2026-09-28
ICD10_Principal_Diagnosis_Desc,Other specified forms of tremor,4F746865722073706563696669656420666F726D73206F66207472656D6F72,31,OTHER SPECIFIED FORMS OF TREMOR,char,1,0.0024,,REVIEW,0,CONTAINS,KEEP,Contains-rule false positive (OTHER/ANOTHER/N-A substring in a real value),Gerard,2026-09-28
ICD10_Principal_Diagnosis_Desc,Other specified functional intestinal disorders,4F74686572207370656369666965642066756E6374696F6E616C20696E74657374696E616C206469736F7264657273,47,OTHER SPECIFIED FUNCTIONAL INTESTINAL DISORDERS,char,1,0.0024,,REVIEW,0,CONTAINS,KEEP,Contains-rule false positive (OTHER/ANOTHER/N-A substring in a real value),Gerard,2026-09-28
ICD10_Principal_Diagnosis_Desc,Other specified glaucoma,4F746865722073706563696669656420676C6175636F6D61,24,OTHER SPECIFIED GLAUCOMA,char,3,0.0073,,REVIEW,0,CONTAINS,KEEP,Contains-rule false positive (OTHER/ANOTHER/N-A substring in a real value),Gerard,2026-09-28
ICD10_Principal_Diagnosis_Desc,Other specified hypertrophy of vulva,4F746865722073706563696669656420687970657274726F706879206F662076756C7661,36,OTHER SPECIFIED HYPERTROPHY OF VULVA,char,1,0.0024,,REVIEW,0,CONTAINS,KEEP,Contains-rule false positive (OTHER/ANOTHER/N-A substring in a real value),Gerard,2026-09-28
ICD10_Principal_Diagnosis_Desc,Other specified interstitial pulmonary diseases,4F746865722073706563696669656420696E7465727374697469616C2070756C6D6F6E617279206469736561736573,47,OTHER SPECIFIED INTERSTITIAL PULMONARY DISEASES,char,1,0.0024,,REVIEW,0,CONTAINS,KEEP,Contains-rule false positive (OTHER/ANOTHER/N-A substring in a real value),Gerard,2026-09-28
ICD10_Principal_Diagnosis_Desc,"Other specified joint disorders, left knee",4F7468657220737065636966696564206A6F696E74206469736F72646572732C206C656674206B6E6565,42,"OTHER SPECIFIED JOINT DISORDERS, LEFT KNEE",char,1,0.0024,,REVIEW,0,CONTAINS,KEEP,Contains-rule false positive (OTHER/ANOTHER/N-A substring in a real value),Gerard,2026-09-28
ICD10_Principal_Diagnosis_Desc,"Other specified joint disorders, right hand",4F7468657220737065636966696564206A6F696E74206469736F72646572732C2072696768742068616E64,43,"OTHER SPECIFIED JOINT DISORDERS, RIGHT HAND",char,2,0.0049,,REVIEW,0,CONTAINS,KEEP,Contains-rule false positive (OTHER/ANOTHER/N-A substring in a real value),Gerard,2026-09-28
ICD10_Principal_Diagnosis_Desc,"Other specified joint disorders, right knee",4F7468657220737065636966696564206A6F696E74206469736F72646572732C207269676874206B6E6565,43,"OTHER SPECIFIED JOINT DISORDERS, RIGHT KNEE",char,1,0.0024,,REVIEW,0,CONTAINS,KEEP,Contains-rule false positive (OTHER/ANOTHER/N-A substring in a real value),Gerard,2026-09-28
ICD10_Principal_Diagnosis_Desc,Other specified malignant neoplasm of anal skin,4F7468657220737065636966696564206D616C69676E616E74206E656F706C61736D206F6620616E616C20736B696E,47,OTHER SPECIFIED MALIGNANT NEOPLASM OF ANAL SKIN,char,2,0.0049,,REVIEW,0,CONTAINS,KEEP,Contains-rule false positive (OTHER/ANOTHER/N-A substring in a real value),Gerard,2026-09-28
ICD10_Principal_Diagnosis_Desc,Other specified malignant neoplasm of skin of scalp and neck,4F7468657220737065636966696564206D616C69676E616E74206E656F706C61736D206F6620736B696E206F66207363616C7020616E64206E65636B,60,OTHER SPECIFIED MALIGNANT NEOPLASM OF SKIN OF SCALP AND NECK,char,1,0.0024,,REVIEW,0,CONTAINS,KEEP,Contains-rule false positive (OTHER/ANOTHER/N-A substring in a real value),Gerard,2026-09-28
ICD10_Principal_Diagnosis_Desc,"Other specified malignant neoplasm of skin, unspecified",4F7468657220737065636966696564206D616C69676E616E74206E656F706C61736D206F6620736B696E2C20756E737065636966696564,55,"OTHER SPECIFIED MALIGNANT NEOPLASM OF SKIN, UNSPECIFIED",char,1,0.0024,,REVIEW,0,CONTAINS,KEEP,Contains-rule false positive (OTHER/ANOTHER/N-A substring in a real value),Gerard,2026-09-28
ICD10_Principal_Diagnosis_Desc,Other specified mononeuropathies,4F7468657220737065636966696564206D6F6E6F6E6575726F70617468696573,32,OTHER SPECIFIED MONONEUROPATHIES,char,1,0.0024,,REVIEW,0,CONTAINS,KEEP,Contains-rule false positive (OTHER/ANOTHER/N-A substring in a real value),Gerard,2026-09-28
ICD10_Principal_Diagnosis_Desc,Other specified myopathies,4F7468657220737065636966696564206D796F70617468696573,26,OTHER SPECIFIED MYOPATHIES,char,3,0.0073,,REVIEW,0,CONTAINS,KEEP,Contains-rule false positive (OTHER/ANOTHER/N-A substring in a real value),Gerard,2026-09-28
ICD10_Principal_Diagnosis_Desc,Other specified noninflammatory disorders of cervix uteri,4F7468657220737065636966696564206E6F6E696E666C616D6D61746F7279206469736F7264657273206F6620636572766978207574657269,57,OTHER SPECIFIED NONINFLAMMATORY DISORDERS OF CERVIX UTERI,char,1,0.0024,,REVIEW,0,CONTAINS,KEEP,Contains-rule false positive (OTHER/ANOTHER/N-A substring in a real value),Gerard,2026-09-28
ICD10_Principal_Diagnosis_Desc,Other specified noninflammatory disorders of uterus,4F7468657220737065636966696564206E6F6E696E666C616D6D61746F7279206469736F7264657273206F6620757465727573,51,OTHER SPECIFIED NONINFLAMMATORY DISORDERS OF UTERUS,char,1,0.0024,,REVIEW,0,CONTAINS,KEEP,Contains-rule false positive (OTHER/ANOTHER/N-A substring in a real value),Gerard,2026-09-28
ICD10_Principal_Diagnosis_Desc,Other specified postprocedural states,4F746865722073706563696669656420706F737470726F6365647572616C20737461746573,37,OTHER SPECIFIED POSTPROCEDURAL STATES,char,1,0.0024,,REVIEW,0,CONTAINS,KEEP,Contains-rule false positive (OTHER/ANOTHER/N-A substring in a real value),Gerard,2026-09-28
ICD10_Principal_Diagnosis_Desc,Other specified respiratory disorders,4F74686572207370656369666965642072657370697261746F7279206469736F7264657273,37,OTHER SPECIFIED RESPIRATORY DISORDERS,char,1,0.0024,,REVIEW,0,CONTAINS,KEEP,Contains-rule false positive (OTHER/ANOTHER/N-A substring in a real value),Gerard,2026-09-28
ICD10_Principal_Diagnosis_Desc,Other specified soft tissue disorders,4F746865722073706563696669656420736F667420746973737565206469736F7264657273,37,OTHER SPECIFIED SOFT TISSUE DISORDERS,char,1,0.0024,,REVIEW,0,CONTAINS,KEEP,Contains-rule false positive (OTHER/ANOTHER/N-A substring in a real value),Gerard,2026-09-28
ICD10_Principal_Diagnosis_Desc,Other specified type of carcinoma in situ of left breast,4F74686572207370656369666965642074797065206F662063617263696E6F6D6120696E2073697475206F66206C65667420627265617374,56,OTHER SPECIFIED TYPE OF CARCINOMA IN SITU OF LEFT BREAST,char,1,0.0024,,REVIEW,0,CONTAINS,KEEP,Contains-rule false positive (OTHER/ANOTHER/N-A substring in a real value),Gerard,2026-09-28
ICD10_Principal_Diagnosis_Desc,Other specified type of carcinoma in situ of right breast,4F74686572207370656369666965642074797065206F662063617263696E6F6D6120696E2073697475206F6620726967687420627265617374,57,OTHER SPECIFIED TYPE OF CARCINOMA IN SITU OF RIGHT BREAST,char,2,0.0049,,REVIEW,0,CONTAINS,KEEP,Contains-rule false positive (OTHER/ANOTHER/N-A substring in a real value),Gerard,2026-09-28
ICD10_Principal_Diagnosis_Desc,Other specified urinary incontinence,4F7468657220737065636966696564207572696E61727920696E636F6E74696E656E6365,36,OTHER SPECIFIED URINARY INCONTINENCE,char,2,0.0049,,REVIEW,0,CONTAINS,KEEP,Contains-rule false positive (OTHER/ANOTHER/N-A substring in a real value),Gerard,2026-09-28
ICD10_Principal_Diagnosis_Desc,"Other spondylosis with myelopathy, cervical region",4F746865722073706F6E64796C6F7369732077697468206D79656C6F70617468792C20636572766963616C20726567696F6E,50,"OTHER SPONDYLOSIS WITH MYELOPATHY, CERVICAL REGION",char,29,0.0705,,REVIEW,0,CONTAINS,KEEP,Contains-rule false positive (OTHER/ANOTHER/N-A substring in a real value),Gerard,2026-09-28
ICD10_Principal_Diagnosis_Desc,"Other spondylosis with myelopathy, cervicothoracic region",4F746865722073706F6E64796C6F7369732077697468206D79656C6F70617468792C206365727669636F74686F726163696320726567696F6E,57,"OTHER SPONDYLOSIS WITH MYELOPATHY, CERVICOTHORACIC REGION",char,1,0.0024,,REVIEW,0,CONTAINS,KEEP,Contains-rule false positive (OTHER/ANOTHER/N-A substring in a real value),Gerard,2026-09-28
ICD10_Principal_Diagnosis_Desc,"Other spondylosis with myelopathy, thoracic region",4F746865722073706F6E64796C6F7369732077697468206D79656C6F70617468792C2074686F726163696320726567696F6E,50,"OTHER SPONDYLOSIS WITH MYELOPATHY, THORACIC REGION",char,7,0.0170,,REVIEW,0,CONTAINS,KEEP,Contains-rule false positive (OTHER/ANOTHER/N-A substring in a real value),Gerard,2026-09-28
ICD10_Principal_Diagnosis_Desc,"Other spondylosis with myelopathy, thoracolumbar region",4F746865722073706F6E64796C6F7369732077697468206D79656C6F70617468792C2074686F7261636F6C756D62617220726567696F6E,55,"OTHER SPONDYLOSIS WITH MYELOPATHY, THORACOLUMBAR REGION",char,1,0.0024,,REVIEW,0,CONTAINS,KEEP,Contains-rule false positive (OTHER/ANOTHER/N-A substring in a real value),Gerard,2026-09-28
ICD10_Principal_Diagnosis_Desc,"Other spondylosis with radiculopathy, cervical region",4F746865722073706F6E64796C6F7369732077697468207261646963756C6F70617468792C20636572766963616C20726567696F6E,53,"OTHER SPONDYLOSIS WITH RADICULOPATHY, CERVICAL REGION",char,6,0.0146,,REVIEW,0,CONTAINS,KEEP,Contains-rule false positive (OTHER/ANOTHER/N-A substring in a real value),Gerard,2026-09-28
ICD10_Principal_Diagnosis_Desc,"Other spondylosis with radiculopathy, lumbar region",4F746865722073706F6E64796C6F7369732077697468207261646963756C6F70617468792C206C756D62617220726567696F6E,51,"OTHER SPONDYLOSIS WITH RADICULOPATHY, LUMBAR REGION",char,13,0.0316,,REVIEW,0,CONTAINS,KEEP,Contains-rule false positive (OTHER/ANOTHER/N-A substring in a real value),Gerard,2026-09-28
ICD10_Principal_Diagnosis_Desc,"Other spondylosis with radiculopathy, lumbosacral region",4F746865722073706F6E64796C6F7369732077697468207261646963756C6F70617468792C206C756D626F73616372616C20726567696F6E,56,"OTHER SPONDYLOSIS WITH RADICULOPATHY, LUMBOSACRAL REGION",char,4,0.0097,,REVIEW,0,CONTAINS,KEEP,Contains-rule false positive (OTHER/ANOTHER/N-A substring in a real value),Gerard,2026-09-28
ICD10_Principal_Diagnosis_Desc,"Other spondylosis with radiculopathy, thoracic region",4F746865722073706F6E64796C6F7369732077697468207261646963756C6F70617468792C2074686F726163696320726567696F6E,53,"OTHER SPONDYLOSIS WITH RADICULOPATHY, THORACIC REGION",char,1,0.0024,,REVIEW,0,CONTAINS,KEEP,Contains-rule false positive (OTHER/ANOTHER/N-A substring in a real value),Gerard,2026-09-28
ICD10_Principal_Diagnosis_Desc,Other symptoms and signs involving the genitourinary system,4F746865722073796D70746F6D7320616E64207369676E7320696E766F6C76696E67207468652067656E69746F7572696E6172792073797374656D,59,OTHER SYMPTOMS AND SIGNS INVOLVING THE GENITOURINARY SYSTEM,char,3,0.0073,,REVIEW,0,CONTAINS,KEEP,Contains-rule false positive (OTHER/ANOTHER/N-A substring in a real value),Gerard,2026-09-28
ICD10_Principal_Diagnosis_Desc,"Other synovitis and tenosynovitis, left hand",4F746865722073796E6F766974697320616E642074656E6F73796E6F76697469732C206C6566742068616E64,44,"OTHER SYNOVITIS AND TENOSYNOVITIS, LEFT HAND",char,2,0.0049,,REVIEW,0,CONTAINS,KEEP,Contains-rule false positive (OTHER/ANOTHER/N-A substring in a real value),Gerard,2026-09-28
ICD10_Principal_Diagnosis_Desc,"Other synovitis and tenosynovitis, right hand",4F746865722073796E6F766974697320616E642074656E6F73796E6F76697469732C2072696768742068616E64,45,"OTHER SYNOVITIS AND TENOSYNOVITIS, RIGHT HAND",char,2,0.0049,,REVIEW,0,CONTAINS,KEEP,Contains-rule false positive (OTHER/ANOTHER/N-A substring in a real value),Gerard,2026-09-28
ICD10_Principal_Diagnosis_Desc,Other ulcerative colitis with other complication,4F7468657220756C636572617469766520636F6C697469732077697468206F7468657220636F6D706C69636174696F6E,48,OTHER ULCERATIVE COLITIS WITH OTHER COMPLICATION,char,1,0.0024,,REVIEW,0,CONTAINS,KEEP,Contains-rule false positive (OTHER/ANOTHER/N-A substring in a real value),Gerard,2026-09-28
ICD10_Principal_Diagnosis_Desc,Other ulcerative colitis without complications,4F7468657220756C636572617469766520636F6C6974697320776974686F757420636F6D706C69636174696F6E73,46,OTHER ULCERATIVE COLITIS WITHOUT COMPLICATIONS,char,1,0.0024,,REVIEW,0,CONTAINS,KEEP,Contains-rule false positive (OTHER/ANOTHER/N-A substring in a real value),Gerard,2026-09-28
ICD10_Principal_Diagnosis_Desc,Other unilateral secondary osteoarthritis of hip,4F7468657220756E696C61746572616C207365636F6E64617279206F7374656F617274687269746973206F6620686970,48,OTHER UNILATERAL SECONDARY OSTEOARTHRITIS OF HIP,char,15,0.0365,,REVIEW,0,CONTAINS,KEEP,Contains-rule false positive (OTHER/ANOTHER/N-A substring in a real value),Gerard,2026-09-28
ICD10_Principal_Diagnosis_Desc,Other unilateral secondary osteoarthritis of knee,4F7468657220756E696C61746572616C207365636F6E64617279206F7374656F617274687269746973206F66206B6E6565,49,OTHER UNILATERAL SECONDARY OSTEOARTHRITIS OF KNEE,char,6,0.0146,,REVIEW,0,CONTAINS,KEEP,Contains-rule false positive (OTHER/ANOTHER/N-A substring in a real value),Gerard,2026-09-28
ICD10_Principal_Diagnosis_Desc,Other urethral stricture,4F7468657220757265746872616C20737472696374757265,24,OTHER URETHRAL STRICTURE,char,4,0.0097,,REVIEW,0,CONTAINS,KEEP,Contains-rule false positive (OTHER/ANOTHER/N-A substring in a real value),Gerard,2026-09-28
ICD10_Principal_Diagnosis_Desc,"Other urethral stricture, male, overlapping sites",4F7468657220757265746872616C207374726963747572652C206D616C652C206F7665726C617070696E67207369746573,49,"OTHER URETHRAL STRICTURE, MALE, OVERLAPPING SITES",char,1,0.0024,,REVIEW,0,CONTAINS,KEEP,Contains-rule false positive (OTHER/ANOTHER/N-A substring in a real value),Gerard,2026-09-28
ICD10_Principal_Diagnosis_Desc,Other vascular disorders of intestine,4F746865722076617363756C6172206469736F7264657273206F6620696E74657374696E65,37,OTHER VASCULAR DISORDERS OF INTESTINE,char,1,0.0024,,REVIEW,0,CONTAINS,KEEP,Contains-rule false positive (OTHER/ANOTHER/N-A substring in a real value),Gerard,2026-09-28
ICD10_Principal_Diagnosis_Desc,"Pain due to other internal prosth dev/grft, init",5061696E2064756520746F206F7468657220696E7465726E616C2070726F737468206465762F677266742C20696E6974,48,"PAIN DUE TO OTHER INTERNAL PROSTH DEV/GRFT, INIT",char,1,0.0024,,REVIEW,0,CONTAINS,KEEP,Contains-rule false positive (OTHER/ANOTHER/N-A substring in a real value),Gerard,2026-09-28
ICD10_Principal_Diagnosis_Desc,"Pathological fracture, other site, init encntr for fracture",506174686F6C6F676963616C2066726163747572652C206F7468657220736974652C20696E697420656E636E747220666F72206672616374757265,59,"PATHOLOGICAL FRACTURE, OTHER SITE, INIT ENCNTR FOR FRACTURE",char,1,0.0024,,REVIEW,0,CONTAINS,KEEP,Contains-rule false positive (OTHER/ANOTHER/N-A substring in a real value),Gerard,2026-09-28
ICD10_Principal_Diagnosis_Desc,Pers hx of in-situ neoplasm of other and unsp dgstv orgs,50657273206878206F6620696E2D73697475206E656F706C61736D206F66206F7468657220616E6420756E7370206467737476206F726773,56,PERS HX OF IN-SITU NEOPLASM OF OTHER AND UNSP DGSTV ORGS,char,1,0.0024,,REVIEW,0,CONTAINS,KEEP,Contains-rule false positive (OTHER/ANOTHER/N-A substring in a real value),Gerard,2026-09-28
ICD10_Principal_Diagnosis_Desc,Personal history of other diseases of the circulatory system,506572736F6E616C20686973746F7279206F66206F74686572206469736561736573206F66207468652063697263756C61746F72792073797374656D,60,PERSONAL HISTORY OF OTHER DISEASES OF THE CIRCULATORY SYSTEM,char,1,0.0024,,REVIEW,0,CONTAINS,KEEP,Contains-rule false positive (OTHER/ANOTHER/N-A substring in a real value),Gerard,2026-09-28
ICD10_Principal_Diagnosis_Desc,Personal history of other diseases of the digestive system,506572736F6E616C20686973746F7279206F66206F74686572206469736561736573206F6620746865206469676573746976652073797374656D,58,PERSONAL HISTORY OF OTHER DISEASES OF THE DIGESTIVE SYSTEM,char,15,0.0365,,REVIEW,0,CONTAINS,KEEP,Contains-rule false positive (OTHER/ANOTHER/N-A substring in a real value),Gerard,2026-09-28
ICD10_Principal_Diagnosis_Desc,Personal history of other venous thrombosis and embolism,506572736F6E616C20686973746F7279206F66206F746865722076656E6F7573207468726F6D626F73697320616E6420656D626F6C69736D,56,PERSONAL HISTORY OF OTHER VENOUS THROMBOSIS AND EMBOLISM,char,1,0.0024,,REVIEW,0,CONTAINS,KEEP,Contains-rule false positive (OTHER/ANOTHER/N-A substring in a real value),Gerard,2026-09-28
ICD10_Principal_Diagnosis_Desc,Postproc hematoma of a circ sys org fol other circ sys proc,506F737470726F632068656D61746F6D61206F662061206369726320737973206F726720666F6C206F746865722063697263207379732070726F63,59,POSTPROC HEMATOMA OF A CIRC SYS ORG FOL OTHER CIRC SYS PROC,char,2,0.0049,,REVIEW,0,CONTAINS,KEEP,Contains-rule false positive (OTHER/ANOTHER/N-A substring in a real value),Gerard,2026-09-28
ICD10_Principal_Diagnosis_Desc,"Postproc hematoma of skin, subcu following other procedure",506F737470726F632068656D61746F6D61206F6620736B696E2C20737562637520666F6C6C6F77696E67206F746865722070726F636564757265,58,"POSTPROC HEMATOMA OF SKIN, SUBCU FOLLOWING OTHER PROCEDURE",char,1,0.0024,,REVIEW,0,CONTAINS,KEEP,Contains-rule false positive (OTHER/ANOTHER/N-A substring in a real value),Gerard,2026-09-28
ICD10_Principal_Diagnosis_Desc,"Postproc seroma of skin, subcu following other procedure",506F737470726F63207365726F6D61206F6620736B696E2C20737562637520666F6C6C6F77696E67206F746865722070726F636564757265,56,"POSTPROC SEROMA OF SKIN, SUBCU FOLLOWING OTHER PROCEDURE",char,5,0.0122,,REVIEW,0,CONTAINS,KEEP,Contains-rule false positive (OTHER/ANOTHER/N-A substring in a real value),Gerard,2026-09-28
ICD10_Principal_Diagnosis_Desc,Presence of other specified functional implants,50726573656E6365206F66206F74686572207370656369666965642066756E6374696F6E616C20696D706C616E7473,47,PRESENCE OF OTHER SPECIFIED FUNCTIONAL IMPLANTS,char,1,0.0024,,REVIEW,0,CONTAINS,KEEP,Contains-rule false positive (OTHER/ANOTHER/N-A substring in a real value),Gerard,2026-09-28
ICD10_Principal_Diagnosis_Desc,Procedure and treatment not carried out for other reasons,50726F63656475726520616E642074726561746D656E74206E6F742063617272696564206F757420666F72206F7468657220726561736F6E73,57,PROCEDURE AND TREATMENT NOT CARRIED OUT FOR OTHER REASONS,char,5,0.0122,,REVIEW,0,CONTAINS,KEEP,Contains-rule false positive (OTHER/ANOTHER/N-A substring in a real value),Gerard,2026-09-28
ICD10_Principal_Diagnosis_Desc,Secondary malignant neoplasm of other digestive organs,5365636F6E64617279206D616C69676E616E74206E656F706C61736D206F66206F7468657220646967657374697665206F7267616E73,54,SECONDARY MALIGNANT NEOPLASM OF OTHER DIGESTIVE ORGANS,char,3,0.0073,,REVIEW,0,CONTAINS,KEEP,Contains-rule false positive (OTHER/ANOTHER/N-A substring in a real value),Gerard,2026-09-28
ICD10_Principal_Diagnosis_Desc,Secondary malignant neoplasm of other specified sites,5365636F6E64617279206D616C69676E616E74206E656F706C61736D206F66206F7468657220737065636966696564207369746573,53,SECONDARY MALIGNANT NEOPLASM OF OTHER SPECIFIED SITES,char,25,0.0608,,REVIEW,0,CONTAINS,KEEP,Contains-rule false positive (OTHER/ANOTHER/N-A substring in a real value),Gerard,2026-09-28
ICD10_Principal_Diagnosis_Desc,Secondary malignant neoplasm of other urinary organs,5365636F6E64617279206D616C69676E616E74206E656F706C61736D206F66206F74686572207572696E617279206F7267616E73,52,SECONDARY MALIGNANT NEOPLASM OF OTHER URINARY ORGANS,char,2,0.0049,,REVIEW,0,CONTAINS,KEEP,Contains-rule false positive (OTHER/ANOTHER/N-A substring in a real value),Gerard,2026-09-28
ICD10_Principal_Diagnosis_Desc,"Separation of muscle (nontraumatic), other site",53657061726174696F6E206F66206D7573636C6520286E6F6E747261756D61746963292C206F746865722073697465,47,"SEPARATION OF MUSCLE (NONTRAUMATIC), OTHER SITE",char,1,0.0024,,REVIEW,0,CONTAINS,KEEP,Contains-rule false positive (OTHER/ANOTHER/N-A substring in a real value),Gerard,2026-09-28
ICD10_Principal_Diagnosis_Desc,"Sprain of other specified parts of left knee, init encntr",53707261696E206F66206F7468657220737065636966696564207061727473206F66206C656674206B6E65652C20696E697420656E636E7472,57,"SPRAIN OF OTHER SPECIFIED PARTS OF LEFT KNEE, INIT ENCNTR",char,1,0.0024,,REVIEW,0,CONTAINS,KEEP,Contains-rule false positive (OTHER/ANOTHER/N-A substring in a real value),Gerard,2026-09-28
ICD10_Principal_Diagnosis_Desc,Squamous cell carcinoma of skin of other part of trunk,537175616D6F75732063656C6C2063617263696E6F6D61206F6620736B696E206F66206F746865722070617274206F66207472756E6B,54,SQUAMOUS CELL CARCINOMA OF SKIN OF OTHER PART OF TRUNK,char,2,0.0049,,REVIEW,0,CONTAINS,KEEP,Contains-rule false positive (OTHER/ANOTHER/N-A substring in a real value),Gerard,2026-09-28
ICD10_Principal_Diagnosis_Desc,Squamous cell carcinoma of skin of other parts of face,537175616D6F75732063656C6C2063617263696E6F6D61206F6620736B696E206F66206F74686572207061727473206F662066616365,54,SQUAMOUS CELL CARCINOMA OF SKIN OF OTHER PARTS OF FACE,char,11,0.0267,,REVIEW,0,CONTAINS,KEEP,Contains-rule false positive (OTHER/ANOTHER/N-A substring in a real value),Gerard,2026-09-28
ICD10_Principal_Diagnosis_Desc,"Stenosis due to other internal prosth dev/grft, init",5374656E6F7369732064756520746F206F7468657220696E7465726E616C2070726F737468206465762F677266742C20696E6974,52,"STENOSIS DUE TO OTHER INTERNAL PROSTH DEV/GRFT, INIT",char,1,0.0024,,REVIEW,0,CONTAINS,KEEP,Contains-rule false positive (OTHER/ANOTHER/N-A substring in a real value),Gerard,2026-09-28
ICD10_Principal_Diagnosis_Desc,"Stenosis of other cardiac prosth dev/grft, initial encounter",5374656E6F736973206F66206F7468657220636172646961632070726F737468206465762F677266742C20696E697469616C20656E636F756E746572,60,"STENOSIS OF OTHER CARDIAC PROSTH DEV/GRFT, INITIAL ENCOUNTER",char,44,0.1069,,REVIEW,0,CONTAINS,KEEP,Contains-rule false positive (OTHER/ANOTHER/N-A substring in a real value),Gerard,2026-09-28
ICD10_Principal_Diagnosis_Desc,"Stenosis of other vascular prosth dev/grft, init",5374656E6F736973206F66206F746865722076617363756C61722070726F737468206465762F677266742C20696E6974,48,"STENOSIS OF OTHER VASCULAR PROSTH DEV/GRFT, INIT",char,77,0.1871,,REVIEW,0,CONTAINS,KEEP,Contains-rule false positive (OTHER/ANOTHER/N-A substring in a real value),Gerard,2026-09-28
ICD10_Principal_Diagnosis_Desc,Type 2 diabetes mellitus with diabetic mononeuropathy,547970652032206469616265746573206D656C6C697475732077697468206469616265746963206D6F6E6F6E6575726F7061746879,53,TYPE 2 DIABETES MELLITUS WITH DIABETIC MONONEUROPATHY,char,2,0.0049,,REVIEW,0,CONTAINS,KEEP,Contains-rule false positive (OTHER/ANOTHER/N-A substring in a real value),Gerard,2026-09-28
ICD10_Principal_Diagnosis_Desc,Type 2 diabetes mellitus with other skin ulcer,547970652032206469616265746573206D656C6C697475732077697468206F7468657220736B696E20756C636572,46,TYPE 2 DIABETES MELLITUS WITH OTHER SKIN ULCER,char,1,0.0024,,REVIEW,0,CONTAINS,KEEP,Contains-rule false positive (OTHER/ANOTHER/N-A substring in a real value),Gerard,2026-09-28
ICD10_Principal_Diagnosis_Desc,Type 2 diabetes mellitus with other specified complication,547970652032206469616265746573206D656C6C697475732077697468206F746865722073706563696669656420636F6D706C69636174696F6E,58,TYPE 2 DIABETES MELLITUS WITH OTHER SPECIFIED COMPLICATION,char,3,0.0073,,REVIEW,0,CONTAINS,KEEP,Contains-rule false positive (OTHER/ANOTHER/N-A substring in a real value),Gerard,2026-09-28
ICD10_Principal_Diagnosis_Desc,Ulcerative (chronic) proctitis with other complication,556C636572617469766520286368726F6E6963292070726F6374697469732077697468206F7468657220636F6D706C69636174696F6E,54,ULCERATIVE (CHRONIC) PROCTITIS WITH OTHER COMPLICATION,char,1,0.0024,,REVIEW,0,CONTAINS,KEEP,Contains-rule false positive (OTHER/ANOTHER/N-A substring in a real value),Gerard,2026-09-28
ICD10_Principal_Diagnosis_Desc,"Ulcerative colitis, unspecified with other complication",556C636572617469766520636F6C697469732C20756E7370656369666965642077697468206F7468657220636F6D706C69636174696F6E,55,"ULCERATIVE COLITIS, UNSPECIFIED WITH OTHER COMPLICATION",char,1,0.0024,,REVIEW,0,CONTAINS,KEEP,Contains-rule false positive (OTHER/ANOTHER/N-A substring in a real value),Gerard,2026-09-28
ICD10_Principal_Diagnosis_Desc,Unsp malignant neoplasm of skin of other parts of face,556E7370206D616C69676E616E74206E656F706C61736D206F6620736B696E206F66206F74686572207061727473206F662066616365,54,UNSP MALIGNANT NEOPLASM OF SKIN OF OTHER PARTS OF FACE,char,1,0.0024,,REVIEW,0,CONTAINS,KEEP,Contains-rule false positive (OTHER/ANOTHER/N-A substring in a real value),Gerard,2026-09-28
ICD10_Principal_Diagnosis_Desc,"Urinary tract infection, site not specified",5572696E61727920747261637420696E66656374696F6E2C2073697465206E6F7420737065636966696564,43,"URINARY TRACT INFECTION, SITE NOT SPECIFIED",char,3,0.0073,,REVIEW,0,CONTAINS,KEEP,Contains-rule false positive (OTHER/ANOTHER/N-A substring in a real value),Gerard,2026-09-28
ICD10_Principal_Diagnosis_Desc,Varicose veins of l low extrem with other complications,56617269636F7365207665696E73206F66206C206C6F772065787472656D2077697468206F7468657220636F6D706C69636174696F6E73,55,VARICOSE VEINS OF L LOW EXTREM WITH OTHER COMPLICATIONS,char,6,0.0146,,REVIEW,0,CONTAINS,KEEP,Contains-rule false positive (OTHER/ANOTHER/N-A substring in a real value),Gerard,2026-09-28
ICD10_Principal_Diagnosis_Desc,Varicose veins of other specified sites,56617269636F7365207665696E73206F66206F7468657220737065636966696564207369746573,39,VARICOSE VEINS OF OTHER SPECIFIED SITES,char,1,0.0024,,REVIEW,0,CONTAINS,KEEP,Contains-rule false positive (OTHER/ANOTHER/N-A substring in a real value),Gerard,2026-09-28
ICD10_Principal_Diagnosis_Desc,Varicose veins of r low extrem with other complications,56617269636F7365207665696E73206F662072206C6F772065787472656D2077697468206F7468657220636F6D706C69636174696F6E73,55,VARICOSE VEINS OF R LOW EXTREM WITH OTHER COMPLICATIONS,char,5,0.0122,,REVIEW,0,CONTAINS,KEEP,Contains-rule false positive (OTHER/ANOTHER/N-A substring in a real value),Gerard,2026-09-28
ICD10_Principal_Diagnosis_POA,?,3F,1,?,char,5970,14.5079,,AUTO,0,EXACT,MISSING,? placeholder (also covered by wildcard),Gerard,2026-09-28
ICU_LOS_TOTAL_TIME_HOURS,99,3939,2,99,num,28,0.0680,,REVIEW,0,NUMERIC_SENTINEL,KEEP,Plausible real value for this measure; frequency not a spike,Gerard,2026-09-28
ISO_Exp_IntraOp_MAC_Minutes_Tota,99,3939,2,99,num,7,0.0170,,REVIEW,0,NUMERIC_SENTINEL,KEEP,Plausible real value for this measure; frequency not a spike,Gerard,2026-09-28
ISO_Exp_IntraOp_Total,99,3939,2,99,num,1,0.0024,,REVIEW,0,NUMERIC_SENTINEL,KEEP,Plausible real value for this measure; frequency not a spike,Gerard,2026-09-28
LOS_in_Hours,777,373737,3,777,num,1,0.0024,,REVIEW,0,NUMERIC_SENTINEL,KEEP,Plausible real value for this measure; frequency not a spike,Gerard,2026-09-28
Marital_Status,?,3F,1,?,char,24,0.0583,DEMOGRAPHIC,AUTO,0,EXACT,MISSING,? placeholder (also covered by wildcard),Gerard,2026-09-28
Marital_Status,LIFE PARTNER/SIG OTHER,4C49464520504152544E45522F534947204F54484552,22,LIFE PARTNER/SIG OTHER,char,338,0.8214,DEMOGRAPHIC,REVIEW,0,CONTAINS,KEEP,Contains-rule false positive (OTHER/ANOTHER/N-A substring in a real value),Gerard,2026-09-28
Marital_Status,OTHER,4F54484552,5,OTHER,char,297,0.7217,DEMOGRAPHIC,AMBIGUOUS,0,AMBIGUOUS_BASE,KEEP,Real response category,Gerard,2026-09-28
Marital_Status,UNKNOWN,554E4B4E4F574E,7,UNKNOWN,char,3481,8.4593,DEMOGRAPHIC,AMBIGUOUS,0,AMBIGUOUS_DEMOG,MISSING,Unknown = value not recorded,Gerard,2026-09-28
NIBP_LESS_70_COUNT,99,3939,2,99,num,2,0.0049,SCORE,REVIEW,0,NUMERIC_SENTINEL,KEEP,Plausible real value for this measure; frequency not a spike,Gerard,2026-09-28
NIBP_LESS_80_COUNT,99,3939,2,99,num,11,0.0267,SCORE,REVIEW,0,NUMERIC_SENTINEL,KEEP,Plausible real value for this measure; frequency not a spike,Gerard,2026-09-28
ORAL_MORPHINE_EQUIV_mg_POD_DAY1,99,3939,2,99,num,5,0.0122,,REVIEW,0,NUMERIC_SENTINEL,KEEP,Plausible real value for this measure; frequency not a spike,Gerard,2026-09-28
ORAL_MORPHINE_EQUIV_mg_POD_DAY2,99,3939,2,99,num,1,0.0024,,REVIEW,0,NUMERIC_SENTINEL,KEEP,Plausible real value for this measure; frequency not a spike,Gerard,2026-09-28
ORAL_MORPHINE_EQUIV_mg_POD_DAY3,99,3939,2,99,num,1,0.0024,,REVIEW,0,NUMERIC_SENTINEL,KEEP,Plausible real value for this measure; frequency not a spike,Gerard,2026-09-28
Oral_Morphine_Equiv_Given__1_7_T,99,3939,2,99,num,7,0.0170,,REVIEW,0,NUMERIC_SENTINEL,KEEP,Plausible real value for this measure; frequency not a spike,Gerard,2026-09-28
Oral_Morphine_Equiv_IntraOp_Tota,99,3939,2,99,num,16,0.0389,,REVIEW,0,NUMERIC_SENTINEL,KEEP,Plausible real value for this measure; frequency not a spike,Gerard,2026-09-28
Patient_Type,?,3F,1,?,char,118,0.2868,DEMOGRAPHIC,AUTO,0,EXACT,MISSING,? placeholder (also covered by wildcard),Gerard,2026-09-28
Patient_Type,CM PENDING,434D2050454E44494E47,10,CM PENDING,char,2,0.0049,DEMOGRAPHIC,REVIEW,0,CONTAINS,KEEP,Real case-management status; excluded by admitted-only cohort rule anyway,Gerard,2026-09-28
Payer,Other,4F74686572,5,OTHER,char,22,0.0535,DEMOGRAPHIC,AMBIGUOUS,0,AMBIGUOUS_BASE,KEEP,Real payer category,Gerard,2026-09-28
Race,OTHER,4F54484552,5,OTHER,char,1421,3.4532,DEMOGRAPHIC,AMBIGUOUS,0,AMBIGUOUS_BASE,KEEP,Real response category,Gerard,2026-09-28
Race,PATIENT REFUSED,50415449454E542052454655534544,15,PATIENT REFUSED,char,526,1.2783,DEMOGRAPHIC,REVIEW,0,CONTAINS,MISSING,Refused = value not collected; no companion reason column in v2.1,Gerard,2026-09-28
Race,UNKNOWN,554E4B4E4F574E,7,UNKNOWN,char,232,0.5638,DEMOGRAPHIC,AMBIGUOUS,0,AMBIGUOUS_DEMOG,MISSING,Unknown = value not recorded,Gerard,2026-09-28
SD_ABP_Mean,99,3939,2,99,num,1,0.0024,,REVIEW,0,NUMERIC_SENTINEL,KEEP,Plausible real value for this measure; frequency not a spike,Gerard,2026-09-28
SEV_Exp_IntraOp_MAC_Minutes_Tota,888,383838,3,888,num,1,0.0024,,REVIEW,0,NUMERIC_SENTINEL,KEEP,Plausible real value for this measure; frequency not a spike,Gerard,2026-09-28
SEV_Exp_IntraOp_MAC_Minutes_Tota,99,3939,2,99,num,43,0.1045,,REVIEW,0,NUMERIC_SENTINEL,KEEP,Plausible real value for this measure; frequency not a spike,Gerard,2026-09-28
SEV_Exp_IntraOp_MAC_Total,99,3939,2,99,num,2,0.0049,,REVIEW,0,NUMERIC_SENTINEL,KEEP,Plausible real value for this measure; frequency not a spike,Gerard,2026-09-28
SEV_Exp_IntraOp_Total,99,3939,2,99,num,1,0.0024,,REVIEW,0,NUMERIC_SENTINEL,KEEP,Plausible real value for this measure; frequency not a spike,Gerard,2026-09-28
SORT_ID,777,373737,3,777,num,1,0.0024,,REVIEW,0,NUMERIC_SENTINEL,KEEP,"KEEP: identifier values, not measurements",Gerard,2026-09-28
SORT_ID,888,383838,3,888,num,1,0.0024,,REVIEW,0,NUMERIC_SENTINEL,KEEP,"KEEP: identifier values, not measurements",Gerard,2026-09-28
SORT_ID,99,3939,2,99,num,1,0.0024,,REVIEW,0,NUMERIC_SENTINEL,KEEP,"KEEP: identifier values, not measurements",Gerard,2026-09-28
SORT_ID,999,393939,3,999,num,1,0.0024,,REVIEW,0,NUMERIC_SENTINEL,KEEP,"KEEP: identifier values, not measurements",Gerard,2026-09-28
Total_Phenylephrine_HCl_Pressors,99,3939,2,99,num,16,0.0389,,REVIEW,0,NUMERIC_SENTINEL,KEEP,Plausible real value for this measure; frequency not a spike,Gerard,2026-09-28
complication_sum,0,30,1,0,num,37747,91.7303,SCORE,AMBIGUOUS,0,AMBIGUOUS_SCORE_ZERO,KEEP,0 is a valid score/count (no events / criterion not met),Gerard,2026-09-28
pecan_ID,777,373737,3,777,num,2,0.0049,,REVIEW,0,NUMERIC_SENTINEL,KEEP,"KEEP: identifier values, not measurements",Gerard,2026-09-28
pecan_ID,888,383838,3,888,num,1,0.0024,,REVIEW,0,NUMERIC_SENTINEL,KEEP,"KEEP: identifier values, not measurements",Gerard,2026-09-28
pecan_ID,99,3939,2,99,num,1,0.0024,,REVIEW,0,NUMERIC_SENTINEL,KEEP,"KEEP: identifier values, not measurements",Gerard,2026-09-28
pecan_ID,999,393939,3,999,num,1,0.0024,,REVIEW,0,NUMERIC_SENTINEL,KEEP,"KEEP: identifier values, not measurements",Gerard,2026-09-28
pecan_ID,9999,39393939,4,9999,num,2,0.0049,,REVIEW,0,NUMERIC_SENTINEL,KEEP,"KEEP: identifier values, not measurements",Gerard,2026-09-28
rt_ADMIT_to_AN_END_mins,777,373737,3,777,num,22,0.0535,,REVIEW,0,NUMERIC_SENTINEL,KEEP,Plausible real value for this measure; frequency not a spike,Gerard,2026-09-28
rt_ADMIT_to_AN_END_mins,888,383838,3,888,num,23,0.0559,,REVIEW,0,NUMERIC_SENTINEL,KEEP,Plausible real value for this measure; frequency not a spike,Gerard,2026-09-28
rt_ADMIT_to_AN_END_mins,99,3939,2,99,num,24,0.0583,,REVIEW,0,NUMERIC_SENTINEL,KEEP,Plausible real value for this measure; frequency not a spike,Gerard,2026-09-28
rt_ADMIT_to_AN_END_mins,999,393939,3,999,num,14,0.0340,,REVIEW,0,NUMERIC_SENTINEL,KEEP,Plausible real value for this measure; frequency not a spike,Gerard,2026-09-28
rt_ADMIT_to_AN_START_mins,777,373737,3,777,num,30,0.0729,,REVIEW,0,NUMERIC_SENTINEL,KEEP,Plausible real value for this measure; frequency not a spike,Gerard,2026-09-28
rt_ADMIT_to_AN_START_mins,888,383838,3,888,num,13,0.0316,,REVIEW,0,NUMERIC_SENTINEL,KEEP,Plausible real value for this measure; frequency not a spike,Gerard,2026-09-28
rt_ADMIT_to_AN_START_mins,99,3939,2,99,num,141,0.3426,,REVIEW,0,NUMERIC_SENTINEL,KEEP,Plausible real value for this measure; frequency not a spike,Gerard,2026-09-28
rt_ADMIT_to_AN_START_mins,999,393939,3,999,num,3,0.0073,,REVIEW,0,NUMERIC_SENTINEL,KEEP,Plausible real value for this measure; frequency not a spike,Gerard,2026-09-28
rt_ADMIT_to_BLOCK_END_mins,777,373737,3,777,num,3,0.0073,,REVIEW,0,NUMERIC_SENTINEL,KEEP,Plausible real value for this measure; frequency not a spike,Gerard,2026-09-28
rt_ADMIT_to_BLOCK_END_mins,99,3939,2,99,num,15,0.0365,,REVIEW,0,NUMERIC_SENTINEL,KEEP,Plausible real value for this measure; frequency not a spike,Gerard,2026-09-28
rt_ADMIT_to_BLOCK_START_mins,888,383838,3,888,num,1,0.0024,,REVIEW,0,NUMERIC_SENTINEL,KEEP,Plausible real value for this measure; frequency not a spike,Gerard,2026-09-28
rt_ADMIT_to_BLOCK_START_mins,99,3939,2,99,num,57,0.1385,,REVIEW,0,NUMERIC_SENTINEL,KEEP,Plausible real value for this measure; frequency not a spike,Gerard,2026-09-28
rt_ADMIT_to_DRESS_mins,777,373737,3,777,num,27,0.0656,,REVIEW,0,NUMERIC_SENTINEL,KEEP,Plausible real value for this measure; frequency not a spike,Gerard,2026-09-28
rt_ADMIT_to_DRESS_mins,888,383838,3,888,num,22,0.0535,,REVIEW,0,NUMERIC_SENTINEL,KEEP,Plausible real value for this measure; frequency not a spike,Gerard,2026-09-28
rt_ADMIT_to_DRESS_mins,99,3939,2,99,num,10,0.0243,,REVIEW,0,NUMERIC_SENTINEL,KEEP,Plausible real value for this measure; frequency not a spike,Gerard,2026-09-28
rt_ADMIT_to_DRESS_mins,999,393939,3,999,num,12,0.0292,,REVIEW,0,NUMERIC_SENTINEL,KEEP,Plausible real value for this measure; frequency not a spike,Gerard,2026-09-28
rt_ADMIT_to_INCISION_mins,777,373737,3,777,num,27,0.0656,,REVIEW,0,NUMERIC_SENTINEL,KEEP,Plausible real value for this measure; frequency not a spike,Gerard,2026-09-28
rt_ADMIT_to_INCISION_mins,888,383838,3,888,num,12,0.0292,,REVIEW,0,NUMERIC_SENTINEL,KEEP,Plausible real value for this measure; frequency not a spike,Gerard,2026-09-28
rt_ADMIT_to_INCISION_mins,99,3939,2,99,num,72,0.1750,,REVIEW,0,NUMERIC_SENTINEL,KEEP,Plausible real value for this measure; frequency not a spike,Gerard,2026-09-28
rt_ADMIT_to_INCISION_mins,999,393939,3,999,num,4,0.0097,,REVIEW,0,NUMERIC_SENTINEL,KEEP,Plausible real value for this measure; frequency not a spike,Gerard,2026-09-28
rt_ADMIT_to_RM_END_mins,777,373737,3,777,num,20,0.0486,,REVIEW,0,NUMERIC_SENTINEL,KEEP,Plausible real value for this measure; frequency not a spike,Gerard,2026-09-28
rt_ADMIT_to_RM_END_mins,888,383838,3,888,num,22,0.0535,,REVIEW,0,NUMERIC_SENTINEL,KEEP,Plausible real value for this measure; frequency not a spike,Gerard,2026-09-28
rt_ADMIT_to_RM_END_mins,99,3939,2,99,num,32,0.0778,,REVIEW,0,NUMERIC_SENTINEL,KEEP,Plausible real value for this measure; frequency not a spike,Gerard,2026-09-28
rt_ADMIT_to_RM_END_mins,999,393939,3,999,num,15,0.0365,,REVIEW,0,NUMERIC_SENTINEL,KEEP,Plausible real value for this measure; frequency not a spike,Gerard,2026-09-28
rt_ADMIT_to_RM_START_mins,777,373737,3,777,num,32,0.0778,,REVIEW,0,NUMERIC_SENTINEL,KEEP,Plausible real value for this measure; frequency not a spike,Gerard,2026-09-28
rt_ADMIT_to_RM_START_mins,888,383838,3,888,num,11,0.0267,,REVIEW,0,NUMERIC_SENTINEL,KEEP,Plausible real value for this measure; frequency not a spike,Gerard,2026-09-28
rt_ADMIT_to_RM_START_mins,99,3939,2,99,num,108,0.2625,,REVIEW,0,NUMERIC_SENTINEL,KEEP,Plausible real value for this measure; frequency not a spike,Gerard,2026-09-28
rt_ADMIT_to_RM_START_mins,999,393939,3,999,num,2,0.0049,,REVIEW,0,NUMERIC_SENTINEL,KEEP,Plausible real value for this measure; frequency not a spike,Gerard,2026-09-28
rt_ANCHOR_to_ADMIT_days,888,383838,3,888,num,19,0.0462,,REVIEW,0,NUMERIC_SENTINEL,KEEP,Plausible real value for this measure; frequency not a spike,Gerard,2026-09-28
rt_ANCHOR_to_ADMIT_days,999,393939,3,999,num,1,0.0024,,REVIEW,0,NUMERIC_SENTINEL,KEEP,Plausible real value for this measure; frequency not a spike,Gerard,2026-09-28
rt_ANCHOR_to_DISCHG_days,888,383838,3,888,num,13,0.0316,,REVIEW,0,NUMERIC_SENTINEL,KEEP,Plausible real value for this measure; frequency not a spike,Gerard,2026-09-28
rt_ANCHOR_to_DISCHG_days,999,393939,3,999,num,3,0.0073,,REVIEW,0,NUMERIC_SENTINEL,KEEP,Plausible real value for this measure; frequency not a spike,Gerard,2026-09-28
rt_ANCHOR_to_SURGERY_days,888,383838,3,888,num,20,0.0486,,REVIEW,0,NUMERIC_SENTINEL,KEEP,Plausible real value for this measure; frequency not a spike,Gerard,2026-09-28
rt_AN_START_to_AN_END_mins,99,3939,2,99,num,122,0.2965,,REVIEW,0,NUMERIC_SENTINEL,KEEP,Plausible real value for this measure; frequency not a spike,Gerard,2026-09-28
rt_BLOCK_START_TO_BLOCK_END_mins,99,3939,2,99,num,1,0.0024,,REVIEW,0,NUMERIC_SENTINEL,KEEP,Plausible real value for this measure; frequency not a spike,Gerard,2026-09-28
rt_INCISE_to_DRESS_mins,99,3939,2,99,num,137,0.3329,,REVIEW,0,NUMERIC_SENTINEL,KEEP,Plausible real value for this measure; frequency not a spike,Gerard,2026-09-28
rt_RM_START_to_AN_START_mins,-9,2D39,2,-9,num,380,0.9235,,REVIEW,0,NUMERIC_SENTINEL,MISSING,FIX-04: sentinel -9 code (not a real negative interval); D-06,Gerard,2026-09-30
rt_RM_START_to_AN_START_mins,99,3939,2,99,num,1,0.0024,,REVIEW,0,NUMERIC_SENTINEL,KEEP,Plausible real value for this measure; frequency not a spike,Gerard,2026-09-28
rt_RM_START_to_DRESS_mins,99,3939,2,99,num,145,0.3524,,REVIEW,0,NUMERIC_SENTINEL,KEEP,Plausible real value for this measure; frequency not a spike,Gerard,2026-09-28
rt_RM_START_to_EMERGENCE_mins,777,373737,3,777,num,1,0.0024,,REVIEW,0,NUMERIC_SENTINEL,KEEP,Plausible real value for this measure; frequency not a spike,Gerard,2026-09-28
rt_RM_START_to_EMERGENCE_mins,99,3939,2,99,num,67,0.1628,,REVIEW,0,NUMERIC_SENTINEL,KEEP,Plausible real value for this measure; frequency not a spike,Gerard,2026-09-28
rt_RM_START_to_INCISION_mins,99,3939,2,99,num,43,0.1045,,REVIEW,0,NUMERIC_SENTINEL,KEEP,Plausible real value for this measure; frequency not a spike,Gerard,2026-09-28
rt_RM_START_to_INDUCTION_mins,99,3939,2,99,num,1,0.0024,,REVIEW,0,NUMERIC_SENTINEL,KEEP,Plausible real value for this measure; frequency not a spike,Gerard,2026-09-28
rt_RM_START_to_RM_END_mins,99,3939,2,99,num,106,0.2576,,REVIEW,0,NUMERIC_SENTINEL,KEEP,Plausible real value for this measure; frequency not a spike,Gerard,2026-09-28
*,,,0,?,char,0,0.0000,,AUTO,0,WILDCARD,MISSING,Wildcard: ? is a placeholder in every character column,Gerard,2026-09-28
